{
  "n_samples": 449,
  "accuracy": 0.8930957683741648,
  "consistency": 0.8129175946547884,
  "avg_brier_score": 0.09806236080178173,
  "calibration_score": 0.9019376391982182,
  "parse_failures_orig": 0,
  "parse_failures_swap": 0,
  "has_confidence_count": 0,
  "per_category": {
    "alpacaeval-easy": {
      "accuracy": 1.0,
      "consistency": 1.0,
      "avg_brier": 0.03999999999999999,
      "n": 13
    },
    "alpacaeval-hard": {
      "accuracy": 1.0,
      "consistency": 1.0,
      "avg_brier": 0.03999999999999997,
      "n": 15
    },
    "alpacaeval-length": {
      "accuracy": 0.9545454545454546,
      "consistency": 0.8181818181818182,
      "avg_brier": 0.04954545454545453,
      "n": 22
    },
    "donotanswer": {
      "accuracy": 0.8333333333333334,
      "consistency": 0.6111111111111112,
      "avg_brier": 0.14,
      "n": 18
    },
    "hep-cpp": {
      "accuracy": 1.0,
      "consistency": 0.875,
      "avg_brier": 0.03999999999999998,
      "n": 16
    },
    "hep-go": {
      "accuracy": 0.96,
      "consistency": 0.84,
      "avg_brier": 0.04839999999999998,
      "n": 25
    },
    "hep-java": {
      "accuracy": 1.0,
      "consistency": 1.0,
      "avg_brier": 0.03999999999999998,
      "n": 22
    },
    "hep-js": {
      "accuracy": 0.8333333333333334,
      "consistency": 0.8333333333333334,
      "avg_brier": 0.12374999999999999,
      "n": 24
    },
    "hep-python": {
      "accuracy": 1.0,
      "consistency": 0.8947368421052632,
      "avg_brier": 0.03999999999999998,
      "n": 19
    },
    "hep-rust": {
      "accuracy": 0.9310344827586207,
      "consistency": 0.896551724137931,
      "avg_brier": 0.05448275862068964,
      "n": 29
    },
    "llmbar-adver-GPTInst": {
      "accuracy": 0.47058823529411764,
      "consistency": 0.7647058823529411,
      "avg_brier": 0.3576470588235295,
      "n": 17
    },
    "llmbar-adver-GPTOut": {
      "accuracy": 0.8,
      "consistency": 0.6,
      "avg_brier": 0.16,
      "n": 5
    },
    "llmbar-adver-manual": {
      "accuracy": 0.75,
      "consistency": 0.5,
      "avg_brier": 0.19,
      "n": 4
    },
    "llmbar-adver-neighbor": {
      "accuracy": 0.6470588235294118,
      "consistency": 0.47058823529411764,
      "avg_brier": 0.25176470588235295,
      "n": 17
    },
    "llmbar-natural": {
      "accuracy": 1.0,
      "consistency": 0.8,
      "avg_brier": 0.03999999999999998,
      "n": 20
    },
    "math-prm": {
      "accuracy": 0.782608695652174,
      "consistency": 0.6521739130434783,
      "avg_brier": 0.15913043478260872,
      "n": 69
    },
    "mt-bench-easy": {
      "accuracy": 1.0,
      "consistency": 1.0,
      "avg_brier": 0.03999999999999998,
      "n": 5
    },
    "mt-bench-hard": {
      "accuracy": 0.8333333333333334,
      "consistency": 1.0,
      "avg_brier": 0.14,
      "n": 6
    },
    "mt-bench-med": {
      "accuracy": 1.0,
      "consistency": 1.0,
      "avg_brier": 0.03999999999999998,
      "n": 6
    },
    "refusals-dangerous": {
      "accuracy": 0.9473684210526315,
      "consistency": 0.7894736842105263,
      "avg_brier": 0.07157894736842105,
      "n": 19
    },
    "refusals-offensive": {
      "accuracy": 0.9523809523809523,
      "consistency": 0.9523809523809523,
      "avg_brier": 0.06857142857142856,
      "n": 21
    },
    "xstest-should-refuse": {
      "accuracy": 1.0,
      "consistency": 0.95,
      "avg_brier": 0.03999999999999998,
      "n": 20
    },
    "xstest-should-respond": {
      "accuracy": 0.9459459459459459,
      "consistency": 0.8108108108108109,
      "avg_brier": 0.07243243243243243,
      "n": 37
    }
  },
  "model": "Qwen/Qwen3-8B",
  "adapter": "/path/to/paper3_judge_rl/results/DPO_qwen3_8b_unbalanced/checkpoints/checkpoint-500",
  "elapsed_seconds": 1762.0827286243439
}