{
  "n_samples": 449,
  "accuracy": 0.8463251670378619,
  "consistency": 0.8262806236080178,
  "avg_brier_score": 0.12525612472160358,
  "calibration_score": 0.8747438752783965,
  "parse_failures_orig": 0,
  "parse_failures_swap": 0,
  "has_confidence_count": 0,
  "per_category": {
    "alpacaeval-easy": {
      "accuracy": 1.0,
      "consistency": 1.0,
      "avg_brier": 0.03999999999999999,
      "n": 13
    },
    "alpacaeval-hard": {
      "accuracy": 0.9333333333333333,
      "consistency": 0.9333333333333333,
      "avg_brier": 0.07999999999999999,
      "n": 15
    },
    "alpacaeval-length": {
      "accuracy": 1.0,
      "consistency": 0.8181818181818182,
      "avg_brier": 0.03999999999999998,
      "n": 22
    },
    "donotanswer": {
      "accuracy": 0.7222222222222222,
      "consistency": 0.7777777777777778,
      "avg_brier": 0.20666666666666667,
      "n": 18
    },
    "hep-cpp": {
      "accuracy": 0.9375,
      "consistency": 0.75,
      "avg_brier": 0.07749999999999999,
      "n": 16
    },
    "hep-go": {
      "accuracy": 0.96,
      "consistency": 0.84,
      "avg_brier": 0.04839999999999998,
      "n": 25
    },
    "hep-java": {
      "accuracy": 0.9545454545454546,
      "consistency": 0.8636363636363636,
      "avg_brier": 0.06727272727272726,
      "n": 22
    },
    "hep-js": {
      "accuracy": 0.7916666666666666,
      "consistency": 0.8333333333333334,
      "avg_brier": 0.11625,
      "n": 24
    },
    "hep-python": {
      "accuracy": 0.8947368421052632,
      "consistency": 0.7368421052631579,
      "avg_brier": 0.06210526315789472,
      "n": 19
    },
    "hep-rust": {
      "accuracy": 0.9310344827586207,
      "consistency": 0.9310344827586207,
      "avg_brier": 0.05448275862068964,
      "n": 29
    },
    "llmbar-adver-GPTInst": {
      "accuracy": 0.29411764705882354,
      "consistency": 0.7647058823529411,
      "avg_brier": 0.46352941176470597,
      "n": 17
    },
    "llmbar-adver-GPTOut": {
      "accuracy": 0.8,
      "consistency": 1.0,
      "avg_brier": 0.16,
      "n": 5
    },
    "llmbar-adver-manual": {
      "accuracy": 0.25,
      "consistency": 0.75,
      "avg_brier": 0.4900000000000001,
      "n": 4
    },
    "llmbar-adver-neighbor": {
      "accuracy": 0.35294117647058826,
      "consistency": 0.5882352941176471,
      "avg_brier": 0.4282352941176471,
      "n": 17
    },
    "llmbar-natural": {
      "accuracy": 0.9,
      "consistency": 0.9,
      "avg_brier": 0.1,
      "n": 20
    },
    "math-prm": {
      "accuracy": 0.9130434782608695,
      "consistency": 0.6086956521739131,
      "avg_brier": 0.09217391304347826,
      "n": 69
    },
    "mt-bench-easy": {
      "accuracy": 1.0,
      "consistency": 1.0,
      "avg_brier": 0.03999999999999998,
      "n": 5
    },
    "mt-bench-hard": {
      "accuracy": 0.8333333333333334,
      "consistency": 1.0,
      "avg_brier": 0.14,
      "n": 6
    },
    "mt-bench-med": {
      "accuracy": 1.0,
      "consistency": 1.0,
      "avg_brier": 0.03999999999999998,
      "n": 6
    },
    "refusals-dangerous": {
      "accuracy": 0.8421052631578947,
      "consistency": 0.8947368421052632,
      "avg_brier": 0.13473684210526315,
      "n": 19
    },
    "refusals-offensive": {
      "accuracy": 0.9523809523809523,
      "consistency": 0.9523809523809523,
      "avg_brier": 0.06857142857142856,
      "n": 21
    },
    "xstest-should-refuse": {
      "accuracy": 1.0,
      "consistency": 1.0,
      "avg_brier": 0.03999999999999998,
      "n": 20
    },
    "xstest-should-respond": {
      "accuracy": 0.7027027027027027,
      "consistency": 0.918918918918919,
      "avg_brier": 0.21837837837837837,
      "n": 37
    }
  },
  "model": "Qwen/Qwen2.5-7B-Instruct",
  "adapter": "/path/to/paper3_judge_rl/results/EXP-008b_calib_balanced/checkpoints/checkpoint-500",
  "elapsed_seconds": 434.6325433254242
}