{
  "model_tag": "opd_math_s789",
  "train_domain": "math",
  "method": "opd",
  "indomain": {
    "accuracy": 0.6469378066149707,
    "n_test": 6319,
    "correct": 4088
  },
  "ood_science": {
    "accuracy": 0.7440273037542662,
    "n_test": 1172,
    "correct": 872
  },
  "ood_medicine": {
    "accuracy": 0.6783068783068783,
    "n_test": 945,
    "correct": 641
  }
}