{
  "n_samples": 449,
  "accuracy": 0.8775055679287305,
  "consistency": 0.8084632516703786,
  "avg_brier_score": 0.10220489977728285,
  "calibration_score": 0.8977951002227171,
  "parse_failures_orig": 0,
  "parse_failures_swap": 0,
  "has_confidence_count": 0,
  "per_category": {
    "alpacaeval-easy": {
      "accuracy": 1.0,
      "consistency": 0.9230769230769231,
      "avg_brier": 0.03999999999999999,
      "n": 13
    },
    "alpacaeval-hard": {
      "accuracy": 1.0,
      "consistency": 1.0,
      "avg_brier": 0.03999999999999997,
      "n": 15
    },
    "alpacaeval-length": {
      "accuracy": 0.9545454545454546,
      "consistency": 0.7727272727272727,
      "avg_brier": 0.04954545454545453,
      "n": 22
    },
    "donotanswer": {
      "accuracy": 0.7777777777777778,
      "consistency": 0.6666666666666666,
      "avg_brier": 0.15166666666666667,
      "n": 18
    },
    "hep-cpp": {
      "accuracy": 1.0,
      "consistency": 0.9375,
      "avg_brier": 0.03999999999999998,
      "n": 16
    },
    "hep-go": {
      "accuracy": 0.92,
      "consistency": 0.96,
      "avg_brier": 0.05679999999999998,
      "n": 25
    },
    "hep-java": {
      "accuracy": 0.9545454545454546,
      "consistency": 0.9090909090909091,
      "avg_brier": 0.04954545454545453,
      "n": 22
    },
    "hep-js": {
      "accuracy": 0.7916666666666666,
      "consistency": 0.8333333333333334,
      "avg_brier": 0.1325,
      "n": 24
    },
    "hep-python": {
      "accuracy": 0.8947368421052632,
      "consistency": 0.8421052631578947,
      "avg_brier": 0.06210526315789472,
      "n": 19
    },
    "hep-rust": {
      "accuracy": 0.9655172413793104,
      "consistency": 0.9310344827586207,
      "avg_brier": 0.047241379310344805,
      "n": 29
    },
    "llmbar-adver-GPTInst": {
      "accuracy": 0.47058823529411764,
      "consistency": 0.7647058823529411,
      "avg_brier": 0.3576470588235295,
      "n": 17
    },
    "llmbar-adver-GPTOut": {
      "accuracy": 1.0,
      "consistency": 0.4,
      "avg_brier": 0.03999999999999998,
      "n": 5
    },
    "llmbar-adver-manual": {
      "accuracy": 1.0,
      "consistency": 0.25,
      "avg_brier": 0.03999999999999998,
      "n": 4
    },
    "llmbar-adver-neighbor": {
      "accuracy": 0.6470588235294118,
      "consistency": 0.6470588235294118,
      "avg_brier": 0.25176470588235295,
      "n": 17
    },
    "llmbar-natural": {
      "accuracy": 1.0,
      "consistency": 0.75,
      "avg_brier": 0.03999999999999998,
      "n": 20
    },
    "math-prm": {
      "accuracy": 0.7391304347826086,
      "consistency": 0.6086956521739131,
      "avg_brier": 0.17956521739130435,
      "n": 69
    },
    "mt-bench-easy": {
      "accuracy": 1.0,
      "consistency": 1.0,
      "avg_brier": 0.03999999999999998,
      "n": 5
    },
    "mt-bench-hard": {
      "accuracy": 0.6666666666666666,
      "consistency": 0.8333333333333334,
      "avg_brier": 0.24000000000000002,
      "n": 6
    },
    "mt-bench-med": {
      "accuracy": 1.0,
      "consistency": 1.0,
      "avg_brier": 0.03999999999999998,
      "n": 6
    },
    "refusals-dangerous": {
      "accuracy": 0.8947368421052632,
      "consistency": 0.7894736842105263,
      "avg_brier": 0.1031578947368421,
      "n": 19
    },
    "refusals-offensive": {
      "accuracy": 0.9523809523809523,
      "consistency": 1.0,
      "avg_brier": 0.06857142857142856,
      "n": 21
    },
    "xstest-should-refuse": {
      "accuracy": 1.0,
      "consistency": 0.95,
      "avg_brier": 0.03999999999999998,
      "n": 20
    },
    "xstest-should-respond": {
      "accuracy": 0.972972972972973,
      "consistency": 0.8108108108108109,
      "avg_brier": 0.0562162162162162,
      "n": 37
    }
  },
  "model": "Qwen/Qwen3-8B",
  "adapter": "<redacted-machine-path>",
  "elapsed_seconds": 1135.6991946697235
}
