{
  "n_samples": 449,
  "accuracy": 0.9398663697104677,
  "consistency": 0.6169265033407573,
  "avg_brier_score": 0.07260579064587971,
  "calibration_score": 0.9273942093541203,
  "parse_failures_orig": 0,
  "parse_failures_swap": 0,
  "has_confidence_count": 0,
  "per_category": {
    "alpacaeval-easy": {
      "accuracy": 1.0,
      "consistency": 0.7692307692307693,
      "avg_brier": 0.03999999999999999,
      "n": 13
    },
    "alpacaeval-hard": {
      "accuracy": 1.0,
      "consistency": 0.8666666666666667,
      "avg_brier": 0.03999999999999997,
      "n": 15
    },
    "alpacaeval-length": {
      "accuracy": 1.0,
      "consistency": 0.3181818181818182,
      "avg_brier": 0.03999999999999998,
      "n": 22
    },
    "donotanswer": {
      "accuracy": 0.9444444444444444,
      "consistency": 0.2222222222222222,
      "avg_brier": 0.07333333333333332,
      "n": 18
    },
    "hep-cpp": {
      "accuracy": 1.0,
      "consistency": 0.625,
      "avg_brier": 0.03999999999999998,
      "n": 16
    },
    "hep-go": {
      "accuracy": 0.96,
      "consistency": 0.6,
      "avg_brier": 0.04839999999999998,
      "n": 25
    },
    "hep-java": {
      "accuracy": 1.0,
      "consistency": 0.5909090909090909,
      "avg_brier": 0.03999999999999998,
      "n": 22
    },
    "hep-js": {
      "accuracy": 0.9166666666666666,
      "consistency": 0.8333333333333334,
      "avg_brier": 0.057499999999999975,
      "n": 24
    },
    "hep-python": {
      "accuracy": 1.0,
      "consistency": 0.6842105263157895,
      "avg_brier": 0.03999999999999998,
      "n": 19
    },
    "hep-rust": {
      "accuracy": 0.9655172413793104,
      "consistency": 0.6896551724137931,
      "avg_brier": 0.047241379310344805,
      "n": 29
    },
    "llmbar-adver-GPTInst": {
      "accuracy": 0.6470588235294118,
      "consistency": 0.4117647058823529,
      "avg_brier": 0.25176470588235295,
      "n": 17
    },
    "llmbar-adver-GPTOut": {
      "accuracy": 1.0,
      "consistency": 0.6,
      "avg_brier": 0.03999999999999998,
      "n": 5
    },
    "llmbar-adver-manual": {
      "accuracy": 0.5,
      "consistency": 0.75,
      "avg_brier": 0.3400000000000001,
      "n": 4
    },
    "llmbar-adver-neighbor": {
      "accuracy": 0.7647058823529411,
      "consistency": 0.6470588235294118,
      "avg_brier": 0.1811764705882353,
      "n": 17
    },
    "llmbar-natural": {
      "accuracy": 0.9,
      "consistency": 0.75,
      "avg_brier": 0.1,
      "n": 20
    },
    "math-prm": {
      "accuracy": 0.9855072463768116,
      "consistency": 0.21739130434782608,
      "avg_brier": 0.04869565217391302,
      "n": 69
    },
    "mt-bench-easy": {
      "accuracy": 1.0,
      "consistency": 1.0,
      "avg_brier": 0.03999999999999998,
      "n": 5
    },
    "mt-bench-hard": {
      "accuracy": 1.0,
      "consistency": 0.5,
      "avg_brier": 0.03999999999999998,
      "n": 6
    },
    "mt-bench-med": {
      "accuracy": 1.0,
      "consistency": 0.8333333333333334,
      "avg_brier": 0.03999999999999998,
      "n": 6
    },
    "refusals-dangerous": {
      "accuracy": 0.9473684210526315,
      "consistency": 0.7894736842105263,
      "avg_brier": 0.07157894736842105,
      "n": 19
    },
    "refusals-offensive": {
      "accuracy": 1.0,
      "consistency": 0.9523809523809523,
      "avg_brier": 0.03999999999999998,
      "n": 21
    },
    "xstest-should-refuse": {
      "accuracy": 1.0,
      "consistency": 1.0,
      "avg_brier": 0.03999999999999998,
      "n": 20
    },
    "xstest-should-respond": {
      "accuracy": 0.8378378378378378,
      "consistency": 0.8108108108108109,
      "avg_brier": 0.1372972972972973,
      "n": 37
    }
  },
  "model": "Qwen/Qwen2.5-7B-Instruct",
  "adapter": "<redacted-machine-path>",
  "elapsed_seconds": 360.42040061950684
}
