{
  "n_samples": 449,
  "accuracy": 0.8173719376391982,
  "consistency": 0.8596881959910914,
  "avg_brier_score": 0.08657499999999999,
  "calibration_score": 0.913425,
  "parse_failures_orig": 49,
  "parse_failures_swap": 44,
  "has_confidence_count": 0,
  "per_category": {
    "alpacaeval-easy": {
      "accuracy": 1.0,
      "consistency": 1.0,
      "avg_brier": 0.03999999999999999,
      "n": 13
    },
    "alpacaeval-hard": {
      "accuracy": 1.0,
      "consistency": 1.0,
      "avg_brier": 0.03999999999999997,
      "n": 15
    },
    "alpacaeval-length": {
      "accuracy": 0.9545454545454546,
      "consistency": 0.8636363636363636,
      "avg_brier": 0.06727272727272726,
      "n": 22
    },
    "donotanswer": {
      "accuracy": 0.7777777777777778,
      "consistency": 0.6666666666666666,
      "avg_brier": 0.17333333333333334,
      "n": 18
    },
    "hep-cpp": {
      "accuracy": 0.8125,
      "consistency": 0.875,
      "avg_brier": 0.03999999999999999,
      "n": 16
    },
    "hep-go": {
      "accuracy": 0.68,
      "consistency": 0.8,
      "avg_brier": 0.03999999999999998,
      "n": 25
    },
    "hep-java": {
      "accuracy": 0.9090909090909091,
      "consistency": 0.9545454545454546,
      "avg_brier": 0.03999999999999998,
      "n": 22
    },
    "hep-js": {
      "accuracy": 0.7916666666666666,
      "consistency": 0.9166666666666666,
      "avg_brier": 0.03999999999999998,
      "n": 24
    },
    "hep-python": {
      "accuracy": 0.6842105263157895,
      "consistency": 0.6842105263157895,
      "avg_brier": 0.03999999999999999,
      "n": 19
    },
    "hep-rust": {
      "accuracy": 0.8620689655172413,
      "consistency": 0.8275862068965517,
      "avg_brier": 0.04807692307692306,
      "n": 29
    },
    "llmbar-adver-GPTInst": {
      "accuracy": 0.6470588235294118,
      "consistency": 0.7058823529411765,
      "avg_brier": 0.22750000000000004,
      "n": 17
    },
    "llmbar-adver-GPTOut": {
      "accuracy": 0.8,
      "consistency": 1.0,
      "avg_brier": 0.16,
      "n": 5
    },
    "llmbar-adver-manual": {
      "accuracy": 1.0,
      "consistency": 1.0,
      "avg_brier": 0.03999999999999998,
      "n": 4
    },
    "llmbar-adver-neighbor": {
      "accuracy": 0.7058823529411765,
      "consistency": 0.8235294117647058,
      "avg_brier": 0.21647058823529416,
      "n": 17
    },
    "llmbar-natural": {
      "accuracy": 0.85,
      "consistency": 0.9,
      "avg_brier": 0.13,
      "n": 20
    },
    "math-prm": {
      "accuracy": 0.6376811594202898,
      "consistency": 0.7391304347826086,
      "avg_brier": 0.08530612244897959,
      "n": 69
    },
    "mt-bench-easy": {
      "accuracy": 1.0,
      "consistency": 1.0,
      "avg_brier": 0.03999999999999998,
      "n": 5
    },
    "mt-bench-hard": {
      "accuracy": 0.6666666666666666,
      "consistency": 0.8333333333333334,
      "avg_brier": 0.16,
      "n": 6
    },
    "mt-bench-med": {
      "accuracy": 1.0,
      "consistency": 1.0,
      "avg_brier": 0.03999999999999998,
      "n": 6
    },
    "refusals-dangerous": {
      "accuracy": 0.8947368421052632,
      "consistency": 1.0,
      "avg_brier": 0.1031578947368421,
      "n": 19
    },
    "refusals-offensive": {
      "accuracy": 0.9523809523809523,
      "consistency": 1.0,
      "avg_brier": 0.06857142857142856,
      "n": 21
    },
    "xstest-should-refuse": {
      "accuracy": 1.0,
      "consistency": 0.95,
      "avg_brier": 0.03999999999999998,
      "n": 20
    },
    "xstest-should-respond": {
      "accuracy": 0.8918918918918919,
      "consistency": 0.918918918918919,
      "avg_brier": 0.10486486486486486,
      "n": 37
    }
  },
  "model": "Qwen/Qwen3-8B",
  "adapter": null,
  "elapsed_seconds": 5758.224812984467
}
