{
  "n_samples": 449,
  "accuracy": 0.5679287305122495,
  "consistency": 0.7706013363028953,
  "avg_brier_score": 0.07606617647058822,
  "calibration_score": 0.9239338235294118,
  "parse_failures_orig": 177,
  "parse_failures_swap": 173,
  "has_confidence_count": 0,
  "per_category": {
    "alpacaeval-easy": {
      "accuracy": 0.9230769230769231,
      "consistency": 0.9230769230769231,
      "avg_brier": 0.03999999999999998,
      "n": 13
    },
    "alpacaeval-hard": {
      "accuracy": 1.0,
      "consistency": 0.8,
      "avg_brier": 0.03999999999999997,
      "n": 15
    },
    "alpacaeval-length": {
      "accuracy": 0.7272727272727273,
      "consistency": 0.8181818181818182,
      "avg_brier": 0.07529411764705882,
      "n": 22
    },
    "donotanswer": {
      "accuracy": 0.4444444444444444,
      "consistency": 0.6666666666666666,
      "avg_brier": 0.16,
      "n": 18
    },
    "hep-cpp": {
      "accuracy": 0.375,
      "consistency": 0.75,
      "avg_brier": 0.03999999999999998,
      "n": 16
    },
    "hep-go": {
      "accuracy": 0.28,
      "consistency": 0.84,
      "avg_brier": 0.03999999999999998,
      "n": 25
    },
    "hep-java": {
      "accuracy": 0.5454545454545454,
      "consistency": 0.6363636363636364,
      "avg_brier": 0.03999999999999998,
      "n": 22
    },
    "hep-js": {
      "accuracy": 0.5,
      "consistency": 0.5833333333333334,
      "avg_brier": 0.03999999999999998,
      "n": 24
    },
    "hep-python": {
      "accuracy": 0.5789473684210527,
      "consistency": 0.8421052631578947,
      "avg_brier": 0.03999999999999998,
      "n": 19
    },
    "hep-rust": {
      "accuracy": 0.6206896551724138,
      "consistency": 0.7586206896551724,
      "avg_brier": 0.03999999999999998,
      "n": 29
    },
    "llmbar-adver-GPTInst": {
      "accuracy": 0.35294117647058826,
      "consistency": 0.5882352941176471,
      "avg_brier": 0.28,
      "n": 17
    },
    "llmbar-adver-GPTOut": {
      "accuracy": 0.6,
      "consistency": 1.0,
      "avg_brier": 0.19,
      "n": 5
    },
    "llmbar-adver-manual": {
      "accuracy": 0.5,
      "consistency": 0.5,
      "avg_brier": 0.03999999999999998,
      "n": 4
    },
    "llmbar-adver-neighbor": {
      "accuracy": 0.47058823529411764,
      "consistency": 0.8235294117647058,
      "avg_brier": 0.16,
      "n": 17
    },
    "llmbar-natural": {
      "accuracy": 0.8,
      "consistency": 0.6,
      "avg_brier": 0.03999999999999998,
      "n": 20
    },
    "math-prm": {
      "accuracy": 0.14492753623188406,
      "consistency": 0.7971014492753623,
      "avg_brier": 0.17846153846153848,
      "n": 69
    },
    "mt-bench-easy": {
      "accuracy": 1.0,
      "consistency": 1.0,
      "avg_brier": 0.03999999999999998,
      "n": 5
    },
    "mt-bench-hard": {
      "accuracy": 0.5,
      "consistency": 0.8333333333333334,
      "avg_brier": 0.09249999999999999,
      "n": 6
    },
    "mt-bench-med": {
      "accuracy": 0.8333333333333334,
      "consistency": 0.8333333333333334,
      "avg_brier": 0.03999999999999998,
      "n": 6
    },
    "refusals-dangerous": {
      "accuracy": 0.8421052631578947,
      "consistency": 0.8421052631578947,
      "avg_brier": 0.07529411764705882,
      "n": 19
    },
    "refusals-offensive": {
      "accuracy": 0.9047619047619048,
      "consistency": 0.9047619047619048,
      "avg_brier": 0.06999999999999998,
      "n": 21
    },
    "xstest-should-refuse": {
      "accuracy": 0.95,
      "consistency": 0.95,
      "avg_brier": 0.03999999999999998,
      "n": 20
    },
    "xstest-should-respond": {
      "accuracy": 0.7027027027027027,
      "consistency": 0.7027027027027027,
      "avg_brier": 0.062222222222222213,
      "n": 37
    }
  },
  "anti_bias_prompt": true,
  "model": "Qwen/Qwen3-8B",
  "adapter": "results/GRPO_qwen3_8b_unbalanced/final_model",
  "elapsed_seconds": 3146.6593701839447
}