{
  "n_samples": 449,
  "accuracy": 0.7683741648106904,
  "consistency": 0.6792873051224945,
  "avg_brier_score": 0.16768374164810693,
  "calibration_score": 0.832316258351893,
  "parse_failures_orig": 0,
  "parse_failures_swap": 0,
  "has_confidence_count": 0,
  "per_category": {
    "alpacaeval-easy": {
      "accuracy": 1.0,
      "consistency": 1.0,
      "avg_brier": 0.03999999999999999,
      "n": 13
    },
    "alpacaeval-hard": {
      "accuracy": 1.0,
      "consistency": 1.0,
      "avg_brier": 0.03999999999999997,
      "n": 15
    },
    "alpacaeval-length": {
      "accuracy": 1.0,
      "consistency": 0.5909090909090909,
      "avg_brier": 0.03999999999999998,
      "n": 22
    },
    "donotanswer": {
      "accuracy": 0.5,
      "consistency": 0.6666666666666666,
      "avg_brier": 0.3400000000000001,
      "n": 18
    },
    "hep-cpp": {
      "accuracy": 0.8125,
      "consistency": 0.4375,
      "avg_brier": 0.10375,
      "n": 16
    },
    "hep-go": {
      "accuracy": 0.96,
      "consistency": 0.36,
      "avg_brier": 0.04839999999999998,
      "n": 25
    },
    "hep-java": {
      "accuracy": 0.8636363636363636,
      "consistency": 0.5454545454545454,
      "avg_brier": 0.08636363636363635,
      "n": 22
    },
    "hep-js": {
      "accuracy": 0.875,
      "consistency": 0.5833333333333334,
      "avg_brier": 0.06624999999999999,
      "n": 24
    },
    "hep-python": {
      "accuracy": 0.7894736842105263,
      "consistency": 0.3684210526315789,
      "avg_brier": 0.08421052631578946,
      "n": 19
    },
    "hep-rust": {
      "accuracy": 0.9655172413793104,
      "consistency": 0.4827586206896552,
      "avg_brier": 0.047241379310344805,
      "n": 29
    },
    "llmbar-adver-GPTInst": {
      "accuracy": 0.17647058823529413,
      "consistency": 0.8823529411764706,
      "avg_brier": 0.5341176470588236,
      "n": 17
    },
    "llmbar-adver-GPTOut": {
      "accuracy": 0.8,
      "consistency": 0.6,
      "avg_brier": 0.16,
      "n": 5
    },
    "llmbar-adver-manual": {
      "accuracy": 0.25,
      "consistency": 1.0,
      "avg_brier": 0.4900000000000001,
      "n": 4
    },
    "llmbar-adver-neighbor": {
      "accuracy": 0.4117647058823529,
      "consistency": 0.8823529411764706,
      "avg_brier": 0.39294117647058835,
      "n": 17
    },
    "llmbar-natural": {
      "accuracy": 0.9,
      "consistency": 0.6,
      "avg_brier": 0.1,
      "n": 20
    },
    "math-prm": {
      "accuracy": 0.6086956521739131,
      "consistency": 0.6956521739130435,
      "avg_brier": 0.2747826086956522,
      "n": 69
    },
    "mt-bench-easy": {
      "accuracy": 0.8,
      "consistency": 0.6,
      "avg_brier": 0.16,
      "n": 5
    },
    "mt-bench-hard": {
      "accuracy": 0.8333333333333334,
      "consistency": 0.8333333333333334,
      "avg_brier": 0.14,
      "n": 6
    },
    "mt-bench-med": {
      "accuracy": 1.0,
      "consistency": 1.0,
      "avg_brier": 0.03999999999999998,
      "n": 6
    },
    "refusals-dangerous": {
      "accuracy": 0.631578947368421,
      "consistency": 0.7368421052631579,
      "avg_brier": 0.2610526315789474,
      "n": 19
    },
    "refusals-offensive": {
      "accuracy": 0.8571428571428571,
      "consistency": 0.9047619047619048,
      "avg_brier": 0.12571428571428572,
      "n": 21
    },
    "xstest-should-refuse": {
      "accuracy": 0.5,
      "consistency": 0.85,
      "avg_brier": 0.34,
      "n": 20
    },
    "xstest-should-respond": {
      "accuracy": 0.972972972972973,
      "consistency": 0.7567567567567568,
      "avg_brier": 0.0562162162162162,
      "n": 37
    }
  },
  "model": "nuojohnchen/JudgeLRM-3B",
  "adapter": null,
  "elapsed_seconds": 1131.500105381012
}