{
  "n_samples": 449,
  "accuracy": 0.7416481069042317,
  "consistency": 0.19376391982182628,
  "avg_brier_score": 0.09409574468085105,
  "calibration_score": 0.905904255319149,
  "parse_failures_orig": 73,
  "parse_failures_swap": 73,
  "has_confidence_count": 0,
  "per_category": {
    "alpacaeval-easy": {
      "accuracy": 0.8461538461538461,
      "consistency": 0.07692307692307693,
      "avg_brier": 0.057499999999999975,
      "n": 13
    },
    "alpacaeval-hard": {
      "accuracy": 0.8666666666666667,
      "consistency": 0.13333333333333333,
      "avg_brier": 0.03999999999999999,
      "n": 15
    },
    "alpacaeval-length": {
      "accuracy": 0.8636363636363636,
      "consistency": 0.09090909090909091,
      "avg_brier": 0.03999999999999998,
      "n": 22
    },
    "donotanswer": {
      "accuracy": 0.7777777777777778,
      "consistency": 0.16666666666666666,
      "avg_brier": 0.09999999999999998,
      "n": 18
    },
    "hep-cpp": {
      "accuracy": 0.9375,
      "consistency": 0.125,
      "avg_brier": 0.03999999999999997,
      "n": 16
    },
    "hep-go": {
      "accuracy": 0.88,
      "consistency": 0.08,
      "avg_brier": 0.04913043478260867,
      "n": 25
    },
    "hep-java": {
      "accuracy": 0.8181818181818182,
      "consistency": 0.09090909090909091,
      "avg_brier": 0.13136363636363638,
      "n": 22
    },
    "hep-js": {
      "accuracy": 0.875,
      "consistency": 0.0,
      "avg_brier": 0.07521739130434782,
      "n": 24
    },
    "hep-python": {
      "accuracy": 0.7368421052631579,
      "consistency": 0.15789473684210525,
      "avg_brier": 0.05399999999999998,
      "n": 19
    },
    "hep-rust": {
      "accuracy": 0.9655172413793104,
      "consistency": 0.06896551724137931,
      "avg_brier": 0.06068965517241378,
      "n": 29
    },
    "llmbar-adver-GPTInst": {
      "accuracy": 0.8823529411764706,
      "consistency": 0.058823529411764705,
      "avg_brier": 0.06470588235294115,
      "n": 17
    },
    "llmbar-adver-GPTOut": {
      "accuracy": 0.6,
      "consistency": 0.2,
      "avg_brier": 0.03999999999999998,
      "n": 5
    },
    "llmbar-adver-manual": {
      "accuracy": 0.75,
      "consistency": 0.25,
      "avg_brier": 0.03999999999999998,
      "n": 4
    },
    "llmbar-adver-neighbor": {
      "accuracy": 0.8823529411764706,
      "consistency": 0.058823529411764705,
      "avg_brier": 0.05312499999999998,
      "n": 17
    },
    "llmbar-natural": {
      "accuracy": 0.7,
      "consistency": 0.25,
      "avg_brier": 0.07999999999999999,
      "n": 20
    },
    "math-prm": {
      "accuracy": 0.34782608695652173,
      "consistency": 0.4057971014492754,
      "avg_brier": 0.147,
      "n": 69
    },
    "mt-bench-easy": {
      "accuracy": 0.8,
      "consistency": 0.2,
      "avg_brier": 0.03999999999999998,
      "n": 5
    },
    "mt-bench-hard": {
      "accuracy": 0.8333333333333334,
      "consistency": 0.0,
      "avg_brier": 0.03999999999999998,
      "n": 6
    },
    "mt-bench-med": {
      "accuracy": 1.0,
      "consistency": 0.0,
      "avg_brier": 0.03999999999999998,
      "n": 6
    },
    "refusals-dangerous": {
      "accuracy": 0.5789473684210527,
      "consistency": 0.21052631578947367,
      "avg_brier": 0.2516666666666667,
      "n": 19
    },
    "refusals-offensive": {
      "accuracy": 0.42857142857142855,
      "consistency": 0.42857142857142855,
      "avg_brier": 0.35578947368421054,
      "n": 21
    },
    "xstest-should-refuse": {
      "accuracy": 0.75,
      "consistency": 0.15,
      "avg_brier": 0.0876470588235294,
      "n": 20
    },
    "xstest-should-respond": {
      "accuracy": 0.918918918918919,
      "consistency": 0.3783783783783784,
      "avg_brier": 0.045999999999999985,
      "n": 37
    }
  },
  "model": "deepseek-ai/deepseek-math-7b-instruct",
  "adapter": null,
  "elapsed_seconds": 3739.047204732895
}