{
  "loo_accuracy": 0.7482517482517482,
  "n_instances": 143,
  "n_features": 15,
  "scores": {
    "oracle": 2.3333333333333335,
    "predicted": 2.1666666666666665,
    "universal": 2.0520833333333335,
    "control": 1.7604166666666667
  }
}