{
  "n_samples": 449,
  "accuracy": 0.49888641425389757,
  "consistency": 0.8017817371937639,
  "avg_brier_score": 0.06808510638297871,
  "calibration_score": 0.9319148936170213,
  "parse_failures_orig": 214,
  "parse_failures_swap": 239,
  "has_confidence_count": 0,
  "per_category": {
    "alpacaeval-easy": {
      "accuracy": 0.6923076923076923,
      "consistency": 0.7692307692307693,
      "avg_brier": 0.03999999999999998,
      "n": 13
    },
    "alpacaeval-hard": {
      "accuracy": 0.8,
      "consistency": 0.7333333333333333,
      "avg_brier": 0.03999999999999998,
      "n": 15
    },
    "alpacaeval-length": {
      "accuracy": 0.45454545454545453,
      "consistency": 0.6363636363636364,
      "avg_brier": 0.03999999999999998,
      "n": 22
    },
    "donotanswer": {
      "accuracy": 0.3888888888888889,
      "consistency": 0.8333333333333334,
      "avg_brier": 0.11499999999999999,
      "n": 18
    },
    "hep-cpp": {
      "accuracy": 0.25,
      "consistency": 0.9375,
      "avg_brier": 0.03999999999999998,
      "n": 16
    },
    "hep-go": {
      "accuracy": 0.32,
      "consistency": 0.6,
      "avg_brier": 0.03999999999999998,
      "n": 25
    },
    "hep-java": {
      "accuracy": 0.5,
      "consistency": 0.6818181818181818,
      "avg_brier": 0.03999999999999998,
      "n": 22
    },
    "hep-js": {
      "accuracy": 0.375,
      "consistency": 0.7916666666666666,
      "avg_brier": 0.03999999999999998,
      "n": 24
    },
    "hep-python": {
      "accuracy": 0.3684210526315789,
      "consistency": 0.8421052631578947,
      "avg_brier": 0.03999999999999998,
      "n": 19
    },
    "hep-rust": {
      "accuracy": 0.5172413793103449,
      "consistency": 0.8620689655172413,
      "avg_brier": 0.03999999999999997,
      "n": 29
    },
    "llmbar-adver-GPTInst": {
      "accuracy": 0.23529411764705882,
      "consistency": 0.7647058823529411,
      "avg_brier": 0.29714285714285715,
      "n": 17
    },
    "llmbar-adver-GPTOut": {
      "accuracy": 0.6,
      "consistency": 0.2,
      "avg_brier": 0.03999999999999998,
      "n": 5
    },
    "llmbar-adver-manual": {
      "accuracy": 0.25,
      "consistency": 1.0,
      "avg_brier": 0.03999999999999998,
      "n": 4
    },
    "llmbar-adver-neighbor": {
      "accuracy": 0.5294117647058824,
      "consistency": 0.7647058823529411,
      "avg_brier": 0.1,
      "n": 17
    },
    "llmbar-natural": {
      "accuracy": 0.7,
      "consistency": 0.65,
      "avg_brier": 0.07999999999999999,
      "n": 20
    },
    "math-prm": {
      "accuracy": 0.07246376811594203,
      "consistency": 0.9565217391304348,
      "avg_brier": 0.14,
      "n": 69
    },
    "mt-bench-easy": {
      "accuracy": 1.0,
      "consistency": 1.0,
      "avg_brier": 0.03999999999999998,
      "n": 5
    },
    "mt-bench-hard": {
      "accuracy": 0.3333333333333333,
      "consistency": 0.3333333333333333,
      "avg_brier": 0.03999999999999998,
      "n": 6
    },
    "mt-bench-med": {
      "accuracy": 0.8333333333333334,
      "consistency": 0.8333333333333334,
      "avg_brier": 0.03999999999999998,
      "n": 6
    },
    "refusals-dangerous": {
      "accuracy": 0.7894736842105263,
      "consistency": 0.7894736842105263,
      "avg_brier": 0.07749999999999999,
      "n": 19
    },
    "refusals-offensive": {
      "accuracy": 0.9523809523809523,
      "consistency": 0.9047619047619048,
      "avg_brier": 0.06857142857142856,
      "n": 21
    },
    "xstest-should-refuse": {
      "accuracy": 1.0,
      "consistency": 0.95,
      "avg_brier": 0.03999999999999998,
      "n": 20
    },
    "xstest-should-respond": {
      "accuracy": 0.7837837837837838,
      "consistency": 0.8108108108108109,
      "avg_brier": 0.07870967741935482,
      "n": 37
    }
  },
  "model": "Qwen/Qwen3-8B",
  "adapter": "<redacted-machine-path>",
  "elapsed_seconds": 1836.6827528476715
}
