{
  "n_samples": 449,
  "accuracy": 1.0,
  "consistency": 0.0,
  "avg_brier_score": 0.03999999999999998,
  "calibration_score": 0.96,
  "parse_failures_orig": 0,
  "parse_failures_swap": 0,
  "has_confidence_count": 0,
  "per_category": {
    "alpacaeval-easy": {
      "accuracy": 1.0,
      "consistency": 0.0,
      "avg_brier": 0.03999999999999999,
      "n": 13
    },
    "alpacaeval-hard": {
      "accuracy": 1.0,
      "consistency": 0.0,
      "avg_brier": 0.03999999999999997,
      "n": 15
    },
    "alpacaeval-length": {
      "accuracy": 1.0,
      "consistency": 0.0,
      "avg_brier": 0.03999999999999998,
      "n": 22
    },
    "donotanswer": {
      "accuracy": 1.0,
      "consistency": 0.0,
      "avg_brier": 0.03999999999999998,
      "n": 18
    },
    "hep-cpp": {
      "accuracy": 1.0,
      "consistency": 0.0,
      "avg_brier": 0.03999999999999998,
      "n": 16
    },
    "hep-go": {
      "accuracy": 1.0,
      "consistency": 0.0,
      "avg_brier": 0.03999999999999998,
      "n": 25
    },
    "hep-java": {
      "accuracy": 1.0,
      "consistency": 0.0,
      "avg_brier": 0.03999999999999998,
      "n": 22
    },
    "hep-js": {
      "accuracy": 1.0,
      "consistency": 0.0,
      "avg_brier": 0.03999999999999998,
      "n": 24
    },
    "hep-python": {
      "accuracy": 1.0,
      "consistency": 0.0,
      "avg_brier": 0.03999999999999998,
      "n": 19
    },
    "hep-rust": {
      "accuracy": 1.0,
      "consistency": 0.0,
      "avg_brier": 0.03999999999999998,
      "n": 29
    },
    "llmbar-adver-GPTInst": {
      "accuracy": 1.0,
      "consistency": 0.0,
      "avg_brier": 0.03999999999999998,
      "n": 17
    },
    "llmbar-adver-GPTOut": {
      "accuracy": 1.0,
      "consistency": 0.0,
      "avg_brier": 0.03999999999999998,
      "n": 5
    },
    "llmbar-adver-manual": {
      "accuracy": 1.0,
      "consistency": 0.0,
      "avg_brier": 0.03999999999999998,
      "n": 4
    },
    "llmbar-adver-neighbor": {
      "accuracy": 1.0,
      "consistency": 0.0,
      "avg_brier": 0.03999999999999998,
      "n": 17
    },
    "llmbar-natural": {
      "accuracy": 1.0,
      "consistency": 0.0,
      "avg_brier": 0.03999999999999998,
      "n": 20
    },
    "math-prm": {
      "accuracy": 1.0,
      "consistency": 0.0,
      "avg_brier": 0.03999999999999998,
      "n": 69
    },
    "mt-bench-easy": {
      "accuracy": 1.0,
      "consistency": 0.0,
      "avg_brier": 0.03999999999999998,
      "n": 5
    },
    "mt-bench-hard": {
      "accuracy": 1.0,
      "consistency": 0.0,
      "avg_brier": 0.03999999999999998,
      "n": 6
    },
    "mt-bench-med": {
      "accuracy": 1.0,
      "consistency": 0.0,
      "avg_brier": 0.03999999999999998,
      "n": 6
    },
    "refusals-dangerous": {
      "accuracy": 1.0,
      "consistency": 0.0,
      "avg_brier": 0.03999999999999998,
      "n": 19
    },
    "refusals-offensive": {
      "accuracy": 1.0,
      "consistency": 0.0,
      "avg_brier": 0.03999999999999998,
      "n": 21
    },
    "xstest-should-refuse": {
      "accuracy": 1.0,
      "consistency": 0.0,
      "avg_brier": 0.03999999999999998,
      "n": 20
    },
    "xstest-should-respond": {
      "accuracy": 1.0,
      "consistency": 0.0,
      "avg_brier": 0.03999999999999998,
      "n": 37
    }
  },
  "model": "Qwen/Qwen3-8B",
  "adapter": "<redacted-machine-path>",
  "elapsed_seconds": 192.03894305229187
}
