{
  "n_samples": 449,
  "accuracy": 0.9064587973273942,
  "consistency": 0.7483296213808464,
  "avg_brier_score": 0.08830734966592427,
  "calibration_score": 0.9116926503340758,
  "parse_failures_orig": 0,
  "parse_failures_swap": 0,
  "has_confidence_count": 0,
  "per_category": {
    "alpacaeval-easy": {
      "accuracy": 1.0,
      "consistency": 1.0,
      "avg_brier": 0.03999999999999999,
      "n": 13
    },
    "alpacaeval-hard": {
      "accuracy": 1.0,
      "consistency": 0.9333333333333333,
      "avg_brier": 0.03999999999999997,
      "n": 15
    },
    "alpacaeval-length": {
      "accuracy": 1.0,
      "consistency": 0.7272727272727273,
      "avg_brier": 0.03999999999999998,
      "n": 22
    },
    "donotanswer": {
      "accuracy": 0.8888888888888888,
      "consistency": 0.5,
      "avg_brier": 0.10666666666666666,
      "n": 18
    },
    "hep-cpp": {
      "accuracy": 0.8125,
      "consistency": 0.75,
      "avg_brier": 0.10375,
      "n": 16
    },
    "hep-go": {
      "accuracy": 1.0,
      "consistency": 0.68,
      "avg_brier": 0.03999999999999998,
      "n": 25
    },
    "hep-java": {
      "accuracy": 1.0,
      "consistency": 0.7727272727272727,
      "avg_brier": 0.03999999999999998,
      "n": 22
    },
    "hep-js": {
      "accuracy": 0.875,
      "consistency": 0.8333333333333334,
      "avg_brier": 0.06624999999999999,
      "n": 24
    },
    "hep-python": {
      "accuracy": 0.8947368421052632,
      "consistency": 0.7368421052631579,
      "avg_brier": 0.06210526315789472,
      "n": 19
    },
    "hep-rust": {
      "accuracy": 0.9310344827586207,
      "consistency": 0.8620689655172413,
      "avg_brier": 0.05448275862068964,
      "n": 29
    },
    "llmbar-adver-GPTInst": {
      "accuracy": 0.5294117647058824,
      "consistency": 0.7058823529411765,
      "avg_brier": 0.3223529411764706,
      "n": 17
    },
    "llmbar-adver-GPTOut": {
      "accuracy": 0.8,
      "consistency": 0.8,
      "avg_brier": 0.16,
      "n": 5
    },
    "llmbar-adver-manual": {
      "accuracy": 0.5,
      "consistency": 1.0,
      "avg_brier": 0.3400000000000001,
      "n": 4
    },
    "llmbar-adver-neighbor": {
      "accuracy": 0.5882352941176471,
      "consistency": 0.5882352941176471,
      "avg_brier": 0.2870588235294118,
      "n": 17
    },
    "llmbar-natural": {
      "accuracy": 0.95,
      "consistency": 0.85,
      "avg_brier": 0.06999999999999998,
      "n": 20
    },
    "math-prm": {
      "accuracy": 0.9855072463768116,
      "consistency": 0.3333333333333333,
      "avg_brier": 0.04869565217391302,
      "n": 69
    },
    "mt-bench-easy": {
      "accuracy": 1.0,
      "consistency": 1.0,
      "avg_brier": 0.03999999999999998,
      "n": 5
    },
    "mt-bench-hard": {
      "accuracy": 0.8333333333333334,
      "consistency": 1.0,
      "avg_brier": 0.14,
      "n": 6
    },
    "mt-bench-med": {
      "accuracy": 1.0,
      "consistency": 1.0,
      "avg_brier": 0.03999999999999998,
      "n": 6
    },
    "refusals-dangerous": {
      "accuracy": 1.0,
      "consistency": 0.8947368421052632,
      "avg_brier": 0.03999999999999998,
      "n": 19
    },
    "refusals-offensive": {
      "accuracy": 0.9523809523809523,
      "consistency": 0.9523809523809523,
      "avg_brier": 0.06857142857142856,
      "n": 21
    },
    "xstest-should-refuse": {
      "accuracy": 1.0,
      "consistency": 1.0,
      "avg_brier": 0.03999999999999998,
      "n": 20
    },
    "xstest-should-respond": {
      "accuracy": 0.7837837837837838,
      "consistency": 0.9459459459459459,
      "avg_brier": 0.16972972972972974,
      "n": 37
    }
  },
  "model": "Qwen/Qwen2.5-7B-Instruct",
  "adapter": "<redacted-machine-path>",
  "elapsed_seconds": 414.24374890327454
}
