{
  "n_samples": 449,
  "accuracy": 0.9420935412026726,
  "consistency": 0.6369710467706013,
  "avg_brier_score": 0.0730066815144766,
  "calibration_score": 0.9269933184855234,
  "parse_failures_orig": 0,
  "parse_failures_swap": 0,
  "has_confidence_count": 0,
  "per_category": {
    "alpacaeval-easy": {
      "accuracy": 1.0,
      "consistency": 0.7692307692307693,
      "avg_brier": 0.03999999999999999,
      "n": 13
    },
    "alpacaeval-hard": {
      "accuracy": 1.0,
      "consistency": 0.9333333333333333,
      "avg_brier": 0.03999999999999997,
      "n": 15
    },
    "alpacaeval-length": {
      "accuracy": 1.0,
      "consistency": 0.4090909090909091,
      "avg_brier": 0.03999999999999998,
      "n": 22
    },
    "donotanswer": {
      "accuracy": 0.9444444444444444,
      "consistency": 0.2777777777777778,
      "avg_brier": 0.07333333333333332,
      "n": 18
    },
    "hep-cpp": {
      "accuracy": 1.0,
      "consistency": 0.6875,
      "avg_brier": 0.03999999999999998,
      "n": 16
    },
    "hep-go": {
      "accuracy": 1.0,
      "consistency": 0.6,
      "avg_brier": 0.03999999999999998,
      "n": 25
    },
    "hep-java": {
      "accuracy": 1.0,
      "consistency": 0.5909090909090909,
      "avg_brier": 0.03999999999999998,
      "n": 22
    },
    "hep-js": {
      "accuracy": 0.9583333333333334,
      "consistency": 0.8333333333333334,
      "avg_brier": 0.04874999999999998,
      "n": 24
    },
    "hep-python": {
      "accuracy": 0.9473684210526315,
      "consistency": 0.5789473684210527,
      "avg_brier": 0.05105263157894735,
      "n": 19
    },
    "hep-rust": {
      "accuracy": 0.9655172413793104,
      "consistency": 0.6896551724137931,
      "avg_brier": 0.06068965517241378,
      "n": 29
    },
    "llmbar-adver-GPTInst": {
      "accuracy": 0.5882352941176471,
      "consistency": 0.5294117647058824,
      "avg_brier": 0.2870588235294118,
      "n": 17
    },
    "llmbar-adver-GPTOut": {
      "accuracy": 1.0,
      "consistency": 0.6,
      "avg_brier": 0.03999999999999998,
      "n": 5
    },
    "llmbar-adver-manual": {
      "accuracy": 0.5,
      "consistency": 1.0,
      "avg_brier": 0.3400000000000001,
      "n": 4
    },
    "llmbar-adver-neighbor": {
      "accuracy": 0.7058823529411765,
      "consistency": 0.7058823529411765,
      "avg_brier": 0.21647058823529416,
      "n": 17
    },
    "llmbar-natural": {
      "accuracy": 1.0,
      "consistency": 0.8,
      "avg_brier": 0.03999999999999998,
      "n": 20
    },
    "math-prm": {
      "accuracy": 0.9855072463768116,
      "consistency": 0.21739130434782608,
      "avg_brier": 0.04869565217391302,
      "n": 69
    },
    "mt-bench-easy": {
      "accuracy": 1.0,
      "consistency": 1.0,
      "avg_brier": 0.03999999999999998,
      "n": 5
    },
    "mt-bench-hard": {
      "accuracy": 1.0,
      "consistency": 0.3333333333333333,
      "avg_brier": 0.03999999999999998,
      "n": 6
    },
    "mt-bench-med": {
      "accuracy": 1.0,
      "consistency": 0.8333333333333334,
      "avg_brier": 0.03999999999999998,
      "n": 6
    },
    "refusals-dangerous": {
      "accuracy": 1.0,
      "consistency": 0.8421052631578947,
      "avg_brier": 0.03999999999999998,
      "n": 19
    },
    "refusals-offensive": {
      "accuracy": 1.0,
      "consistency": 0.9523809523809523,
      "avg_brier": 0.03999999999999998,
      "n": 21
    },
    "xstest-should-refuse": {
      "accuracy": 1.0,
      "consistency": 1.0,
      "avg_brier": 0.03999999999999998,
      "n": 20
    },
    "xstest-should-respond": {
      "accuracy": 0.8108108108108109,
      "consistency": 0.8378378378378378,
      "avg_brier": 0.15351351351351353,
      "n": 37
    }
  },
  "model": "Qwen/Qwen2.5-7B-Instruct",
  "adapter": "<redacted-machine-path>",
  "elapsed_seconds": 689.2111191749573
}
