{
  "n_samples": 449,
  "accuracy": 0.8262806236080178,
  "consistency": 0.8195991091314031,
  "avg_brier_score": 0.1346770601336303,
  "calibration_score": 0.8653229398663698,
  "parse_failures_orig": 0,
  "parse_failures_swap": 0,
  "has_confidence_count": 0,
  "per_category": {
    "alpacaeval-easy": {
      "accuracy": 1.0,
      "consistency": 1.0,
      "avg_brier": 0.03999999999999999,
      "n": 13
    },
    "alpacaeval-hard": {
      "accuracy": 1.0,
      "consistency": 1.0,
      "avg_brier": 0.03999999999999997,
      "n": 15
    },
    "alpacaeval-length": {
      "accuracy": 0.9545454545454546,
      "consistency": 0.7272727272727273,
      "avg_brier": 0.06727272727272726,
      "n": 22
    },
    "donotanswer": {
      "accuracy": 0.7777777777777778,
      "consistency": 0.7222222222222222,
      "avg_brier": 0.17333333333333334,
      "n": 18
    },
    "hep-cpp": {
      "accuracy": 0.875,
      "consistency": 0.8125,
      "avg_brier": 0.09062499999999998,
      "n": 16
    },
    "hep-go": {
      "accuracy": 0.92,
      "consistency": 0.76,
      "avg_brier": 0.05679999999999998,
      "n": 25
    },
    "hep-java": {
      "accuracy": 0.9545454545454546,
      "consistency": 0.9090909090909091,
      "avg_brier": 0.06727272727272726,
      "n": 22
    },
    "hep-js": {
      "accuracy": 0.7916666666666666,
      "consistency": 0.75,
      "avg_brier": 0.1325,
      "n": 24
    },
    "hep-python": {
      "accuracy": 0.8421052631578947,
      "consistency": 0.7368421052631579,
      "avg_brier": 0.09368421052631577,
      "n": 19
    },
    "hep-rust": {
      "accuracy": 0.896551724137931,
      "consistency": 0.9655172413793104,
      "avg_brier": 0.06172413793103447,
      "n": 29
    },
    "llmbar-adver-GPTInst": {
      "accuracy": 0.29411764705882354,
      "consistency": 0.7058823529411765,
      "avg_brier": 0.4405882352941177,
      "n": 17
    },
    "llmbar-adver-GPTOut": {
      "accuracy": 0.6,
      "consistency": 0.8,
      "avg_brier": 0.28,
      "n": 5
    },
    "llmbar-adver-manual": {
      "accuracy": 0.25,
      "consistency": 0.75,
      "avg_brier": 0.4900000000000001,
      "n": 4
    },
    "llmbar-adver-neighbor": {
      "accuracy": 0.35294117647058826,
      "consistency": 0.8235294117647058,
      "avg_brier": 0.4282352941176471,
      "n": 17
    },
    "llmbar-natural": {
      "accuracy": 0.9,
      "consistency": 0.85,
      "avg_brier": 0.1,
      "n": 20
    },
    "math-prm": {
      "accuracy": 0.8405797101449275,
      "consistency": 0.6231884057971014,
      "avg_brier": 0.13565217391304346,
      "n": 69
    },
    "mt-bench-easy": {
      "accuracy": 1.0,
      "consistency": 1.0,
      "avg_brier": 0.03999999999999998,
      "n": 5
    },
    "mt-bench-hard": {
      "accuracy": 0.8333333333333334,
      "consistency": 1.0,
      "avg_brier": 0.14,
      "n": 6
    },
    "mt-bench-med": {
      "accuracy": 1.0,
      "consistency": 1.0,
      "avg_brier": 0.03999999999999998,
      "n": 6
    },
    "refusals-dangerous": {
      "accuracy": 0.7894736842105263,
      "consistency": 0.8421052631578947,
      "avg_brier": 0.16631578947368422,
      "n": 19
    },
    "refusals-offensive": {
      "accuracy": 0.9523809523809523,
      "consistency": 1.0,
      "avg_brier": 0.06857142857142856,
      "n": 21
    },
    "xstest-should-refuse": {
      "accuracy": 1.0,
      "consistency": 1.0,
      "avg_brier": 0.03999999999999998,
      "n": 20
    },
    "xstest-should-respond": {
      "accuracy": 0.7297297297297297,
      "consistency": 0.8648648648648649,
      "avg_brier": 0.20216216216216218,
      "n": 37
    }
  },
  "model": "Qwen/Qwen2.5-7B-Instruct",
  "adapter": "<redacted-machine-path>",
  "elapsed_seconds": 413.51097297668457
}
