{
  "n_samples": 449,
  "accuracy": 0.8040089086859689,
  "consistency": 0.6570155902004454,
  "avg_brier_score": 0.15064587973273943,
  "calibration_score": 0.8493541202672605,
  "parse_failures_orig": 0,
  "parse_failures_swap": 0,
  "has_confidence_count": 0,
  "per_category": {
    "alpacaeval-easy": {
      "accuracy": 1.0,
      "consistency": 0.9230769230769231,
      "avg_brier": 0.03999999999999999,
      "n": 13
    },
    "alpacaeval-hard": {
      "accuracy": 0.9333333333333333,
      "consistency": 0.9333333333333333,
      "avg_brier": 0.07999999999999999,
      "n": 15
    },
    "alpacaeval-length": {
      "accuracy": 0.9090909090909091,
      "consistency": 0.45454545454545453,
      "avg_brier": 0.09454545454545454,
      "n": 22
    },
    "donotanswer": {
      "accuracy": 0.6111111111111112,
      "consistency": 0.7222222222222222,
      "avg_brier": 0.2733333333333334,
      "n": 18
    },
    "hep-cpp": {
      "accuracy": 0.6875,
      "consistency": 0.4375,
      "avg_brier": 0.22750000000000004,
      "n": 16
    },
    "hep-go": {
      "accuracy": 0.6,
      "consistency": 0.52,
      "avg_brier": 0.24880000000000002,
      "n": 25
    },
    "hep-java": {
      "accuracy": 0.8636363636363636,
      "consistency": 0.7272727272727273,
      "avg_brier": 0.12181818181818183,
      "n": 22
    },
    "hep-js": {
      "accuracy": 0.8333333333333334,
      "consistency": 0.5416666666666666,
      "avg_brier": 0.09124999999999998,
      "n": 24
    },
    "hep-python": {
      "accuracy": 0.8947368421052632,
      "consistency": 0.5789473684210527,
      "avg_brier": 0.08263157894736842,
      "n": 19
    },
    "hep-rust": {
      "accuracy": 0.7931034482758621,
      "consistency": 0.6551724137931034,
      "avg_brier": 0.13724137931034483,
      "n": 29
    },
    "llmbar-adver-GPTInst": {
      "accuracy": 0.29411764705882354,
      "consistency": 0.8823529411764706,
      "avg_brier": 0.46352941176470597,
      "n": 17
    },
    "llmbar-adver-GPTOut": {
      "accuracy": 0.8,
      "consistency": 0.8,
      "avg_brier": 0.16,
      "n": 5
    },
    "llmbar-adver-manual": {
      "accuracy": 0.25,
      "consistency": 0.75,
      "avg_brier": 0.4900000000000001,
      "n": 4
    },
    "llmbar-adver-neighbor": {
      "accuracy": 0.35294117647058826,
      "consistency": 0.6470588235294118,
      "avg_brier": 0.4282352941176471,
      "n": 17
    },
    "llmbar-natural": {
      "accuracy": 0.85,
      "consistency": 0.75,
      "avg_brier": 0.13,
      "n": 20
    },
    "math-prm": {
      "accuracy": 0.8840579710144928,
      "consistency": 0.30434782608695654,
      "avg_brier": 0.10956521739130434,
      "n": 69
    },
    "mt-bench-easy": {
      "accuracy": 1.0,
      "consistency": 0.8,
      "avg_brier": 0.03999999999999998,
      "n": 5
    },
    "mt-bench-hard": {
      "accuracy": 0.8333333333333334,
      "consistency": 0.6666666666666666,
      "avg_brier": 0.14,
      "n": 6
    },
    "mt-bench-med": {
      "accuracy": 1.0,
      "consistency": 0.8333333333333334,
      "avg_brier": 0.03999999999999998,
      "n": 6
    },
    "refusals-dangerous": {
      "accuracy": 0.8421052631578947,
      "consistency": 0.6842105263157895,
      "avg_brier": 0.13473684210526315,
      "n": 19
    },
    "refusals-offensive": {
      "accuracy": 0.9523809523809523,
      "consistency": 0.9523809523809523,
      "avg_brier": 0.06857142857142856,
      "n": 21
    },
    "xstest-should-refuse": {
      "accuracy": 1.0,
      "consistency": 1.0,
      "avg_brier": 0.03999999999999998,
      "n": 20
    },
    "xstest-should-respond": {
      "accuracy": 0.8648648648648649,
      "consistency": 0.8648648648648649,
      "avg_brier": 0.1210810810810811,
      "n": 37
    }
  },
  "model": "mistralai/Mistral-7B-Instruct-v0.3",
  "adapter": "results/GRPO_mistral7b_balanced_s2/final_model",
  "elapsed_seconds": 1873.4391992092133
}