{
  "n_samples": 449,
  "accuracy": 0.9465478841870824,
  "consistency": 0.6169265033407573,
  "avg_brier_score": 0.06772828507795099,
  "calibration_score": 0.932271714922049,
  "parse_failures_orig": 0,
  "parse_failures_swap": 0,
  "has_confidence_count": 0,
  "per_category": {
    "alpacaeval-easy": {
      "accuracy": 1.0,
      "consistency": 0.7692307692307693,
      "avg_brier": 0.03999999999999999,
      "n": 13
    },
    "alpacaeval-hard": {
      "accuracy": 1.0,
      "consistency": 0.8666666666666667,
      "avg_brier": 0.03999999999999997,
      "n": 15
    },
    "alpacaeval-length": {
      "accuracy": 1.0,
      "consistency": 0.4090909090909091,
      "avg_brier": 0.03999999999999998,
      "n": 22
    },
    "donotanswer": {
      "accuracy": 0.9444444444444444,
      "consistency": 0.2777777777777778,
      "avg_brier": 0.07333333333333332,
      "n": 18
    },
    "hep-cpp": {
      "accuracy": 1.0,
      "consistency": 0.625,
      "avg_brier": 0.03999999999999998,
      "n": 16
    },
    "hep-go": {
      "accuracy": 1.0,
      "consistency": 0.52,
      "avg_brier": 0.03999999999999998,
      "n": 25
    },
    "hep-java": {
      "accuracy": 1.0,
      "consistency": 0.5454545454545454,
      "avg_brier": 0.03999999999999998,
      "n": 22
    },
    "hep-js": {
      "accuracy": 0.875,
      "consistency": 0.75,
      "avg_brier": 0.06624999999999999,
      "n": 24
    },
    "hep-python": {
      "accuracy": 0.9473684210526315,
      "consistency": 0.5263157894736842,
      "avg_brier": 0.05105263157894735,
      "n": 19
    },
    "hep-rust": {
      "accuracy": 0.9655172413793104,
      "consistency": 0.7241379310344828,
      "avg_brier": 0.047241379310344805,
      "n": 29
    },
    "llmbar-adver-GPTInst": {
      "accuracy": 0.7647058823529411,
      "consistency": 0.47058823529411764,
      "avg_brier": 0.1811764705882353,
      "n": 17
    },
    "llmbar-adver-GPTOut": {
      "accuracy": 1.0,
      "consistency": 0.6,
      "avg_brier": 0.03999999999999998,
      "n": 5
    },
    "llmbar-adver-manual": {
      "accuracy": 0.5,
      "consistency": 0.75,
      "avg_brier": 0.3400000000000001,
      "n": 4
    },
    "llmbar-adver-neighbor": {
      "accuracy": 0.7058823529411765,
      "consistency": 0.7058823529411765,
      "avg_brier": 0.21647058823529416,
      "n": 17
    },
    "llmbar-natural": {
      "accuracy": 1.0,
      "consistency": 0.8,
      "avg_brier": 0.03999999999999998,
      "n": 20
    },
    "math-prm": {
      "accuracy": 0.9710144927536232,
      "consistency": 0.2028985507246377,
      "avg_brier": 0.05739130434782607,
      "n": 69
    },
    "mt-bench-easy": {
      "accuracy": 1.0,
      "consistency": 1.0,
      "avg_brier": 0.03999999999999998,
      "n": 5
    },
    "mt-bench-hard": {
      "accuracy": 1.0,
      "consistency": 0.5,
      "avg_brier": 0.03999999999999998,
      "n": 6
    },
    "mt-bench-med": {
      "accuracy": 1.0,
      "consistency": 0.8333333333333334,
      "avg_brier": 0.03999999999999998,
      "n": 6
    },
    "refusals-dangerous": {
      "accuracy": 1.0,
      "consistency": 0.8947368421052632,
      "avg_brier": 0.03999999999999998,
      "n": 19
    },
    "refusals-offensive": {
      "accuracy": 1.0,
      "consistency": 0.9523809523809523,
      "avg_brier": 0.03999999999999998,
      "n": 21
    },
    "xstest-should-refuse": {
      "accuracy": 1.0,
      "consistency": 1.0,
      "avg_brier": 0.03999999999999998,
      "n": 20
    },
    "xstest-should-respond": {
      "accuracy": 0.8648648648648649,
      "consistency": 0.8108108108108109,
      "avg_brier": 0.1210810810810811,
      "n": 37
    }
  },
  "model": "Qwen/Qwen2.5-7B-Instruct",
  "adapter": "/path/to/paper3_judge_rl/results/EXP-007a_acc_decisive/checkpoints/checkpoint-500",
  "elapsed_seconds": 362.37986755371094
}