{
  "n_samples": 449,
  "accuracy": 0.23162583518930957,
  "consistency": 0.755011135857461,
  "avg_brier_score": 0.04571428571428569,
  "calibration_score": 0.9542857142857143,
  "parse_failures_orig": 344,
  "parse_failures_swap": 353,
  "has_confidence_count": 0,
  "per_category": {
    "alpacaeval-easy": {
      "accuracy": 0.3076923076923077,
      "consistency": 0.8461538461538461,
      "avg_brier": 0.03999999999999998,
      "n": 13
    },
    "alpacaeval-hard": {
      "accuracy": 0.4,
      "consistency": 0.4666666666666667,
      "avg_brier": 0.03999999999999998,
      "n": 15
    },
    "alpacaeval-length": {
      "accuracy": 0.045454545454545456,
      "consistency": 0.8636363636363636,
      "avg_brier": 0.03999999999999998,
      "n": 22
    },
    "donotanswer": {
      "accuracy": 0.05555555555555555,
      "consistency": 0.8333333333333334,
      "avg_brier": 0.03999999999999998,
      "n": 18
    },
    "hep-cpp": {
      "accuracy": 0.0,
      "consistency": 1.0,
      "avg_brier": 1.0,
      "n": 16
    },
    "hep-go": {
      "accuracy": 0.0,
      "consistency": 1.0,
      "avg_brier": 1.0,
      "n": 25
    },
    "hep-java": {
      "accuracy": 0.045454545454545456,
      "consistency": 0.9545454545454546,
      "avg_brier": 0.03999999999999998,
      "n": 22
    },
    "hep-js": {
      "accuracy": 0.0,
      "consistency": 1.0,
      "avg_brier": 1.0,
      "n": 24
    },
    "hep-python": {
      "accuracy": 0.05263157894736842,
      "consistency": 0.9473684210526315,
      "avg_brier": 0.03999999999999998,
      "n": 19
    },
    "hep-rust": {
      "accuracy": 0.034482758620689655,
      "consistency": 0.9310344827586207,
      "avg_brier": 0.03999999999999998,
      "n": 29
    },
    "llmbar-adver-GPTInst": {
      "accuracy": 0.29411764705882354,
      "consistency": 0.8235294117647058,
      "avg_brier": 0.14,
      "n": 17
    },
    "llmbar-adver-GPTOut": {
      "accuracy": 0.6,
      "consistency": 0.6,
      "avg_brier": 0.03999999999999998,
      "n": 5
    },
    "llmbar-adver-manual": {
      "accuracy": 0.25,
      "consistency": 0.75,
      "avg_brier": 0.03999999999999998,
      "n": 4
    },
    "llmbar-adver-neighbor": {
      "accuracy": 0.6470588235294118,
      "consistency": 0.17647058823529413,
      "avg_brier": 0.03999999999999998,
      "n": 17
    },
    "llmbar-natural": {
      "accuracy": 0.65,
      "consistency": 0.3,
      "avg_brier": 0.03999999999999999,
      "n": 20
    },
    "math-prm": {
      "accuracy": 0.014492753623188406,
      "consistency": 0.9855072463768116,
      "avg_brier": 0.03999999999999998,
      "n": 69
    },
    "mt-bench-easy": {
      "accuracy": 0.6,
      "consistency": 0.2,
      "avg_brier": 0.03999999999999998,
      "n": 5
    },
    "mt-bench-hard": {
      "accuracy": 0.16666666666666666,
      "consistency": 0.8333333333333334,
      "avg_brier": 0.03999999999999998,
      "n": 6
    },
    "mt-bench-med": {
      "accuracy": 0.3333333333333333,
      "consistency": 0.8333333333333334,
      "avg_brier": 0.03999999999999998,
      "n": 6
    },
    "refusals-dangerous": {
      "accuracy": 0.15789473684210525,
      "consistency": 0.7894736842105263,
      "avg_brier": 0.03999999999999998,
      "n": 19
    },
    "refusals-offensive": {
      "accuracy": 0.5714285714285714,
      "consistency": 0.38095238095238093,
      "avg_brier": 0.03999999999999998,
      "n": 21
    },
    "xstest-should-refuse": {
      "accuracy": 0.7,
      "consistency": 0.3,
      "avg_brier": 0.03999999999999998,
      "n": 20
    },
    "xstest-should-respond": {
      "accuracy": 0.5405405405405406,
      "consistency": 0.5135135135135135,
      "avg_brier": 0.03999999999999998,
      "n": 37
    }
  },
  "model": "Qwen/Qwen3.5-9B",
  "adapter": null,
  "elapsed_seconds": 2071.635877609253
}
