{
  "n_samples": 449,
  "accuracy": 0.36080178173719374,
  "consistency": 0.7839643652561247,
  "avg_brier_score": 0.06485207100591714,
  "calibration_score": 0.9351479289940828,
  "parse_failures_orig": 280,
  "parse_failures_swap": 287,
  "has_confidence_count": 0,
  "per_category": {
    "alpacaeval-easy": {
      "accuracy": 0.5384615384615384,
      "consistency": 0.46153846153846156,
      "avg_brier": 0.03999999999999998,
      "n": 13
    },
    "alpacaeval-hard": {
      "accuracy": 0.5333333333333333,
      "consistency": 0.6,
      "avg_brier": 0.03999999999999998,
      "n": 15
    },
    "alpacaeval-length": {
      "accuracy": 0.22727272727272727,
      "consistency": 0.7727272727272727,
      "avg_brier": 0.03999999999999998,
      "n": 22
    },
    "donotanswer": {
      "accuracy": 0.3333333333333333,
      "consistency": 0.6666666666666666,
      "avg_brier": 0.03999999999999998,
      "n": 18
    },
    "hep-cpp": {
      "accuracy": 0.0625,
      "consistency": 0.9375,
      "avg_brier": 0.03999999999999998,
      "n": 16
    },
    "hep-go": {
      "accuracy": 0.08,
      "consistency": 0.92,
      "avg_brier": 0.03999999999999998,
      "n": 25
    },
    "hep-java": {
      "accuracy": 0.22727272727272727,
      "consistency": 0.8181818181818182,
      "avg_brier": 0.03999999999999998,
      "n": 22
    },
    "hep-js": {
      "accuracy": 0.25,
      "consistency": 0.8333333333333334,
      "avg_brier": 0.03999999999999998,
      "n": 24
    },
    "hep-python": {
      "accuracy": 0.21052631578947367,
      "consistency": 0.8947368421052632,
      "avg_brier": 0.03999999999999998,
      "n": 19
    },
    "hep-rust": {
      "accuracy": 0.3103448275862069,
      "consistency": 0.896551724137931,
      "avg_brier": 0.03999999999999998,
      "n": 29
    },
    "llmbar-adver-GPTInst": {
      "accuracy": 0.29411764705882354,
      "consistency": 0.7647058823529411,
      "avg_brier": 0.14,
      "n": 17
    },
    "llmbar-adver-GPTOut": {
      "accuracy": 0.4,
      "consistency": 0.6,
      "avg_brier": 0.03999999999999998,
      "n": 5
    },
    "llmbar-adver-manual": {
      "accuracy": 0.0,
      "consistency": 1.0,
      "avg_brier": 1.0,
      "n": 4
    },
    "llmbar-adver-neighbor": {
      "accuracy": 0.4117647058823529,
      "consistency": 0.5882352941176471,
      "avg_brier": 0.17333333333333334,
      "n": 17
    },
    "llmbar-natural": {
      "accuracy": 0.65,
      "consistency": 0.6,
      "avg_brier": 0.08285714285714285,
      "n": 20
    },
    "math-prm": {
      "accuracy": 0.028985507246376812,
      "consistency": 0.9420289855072463,
      "avg_brier": 0.03999999999999998,
      "n": 69
    },
    "mt-bench-easy": {
      "accuracy": 0.6,
      "consistency": 0.6,
      "avg_brier": 0.03999999999999998,
      "n": 5
    },
    "mt-bench-hard": {
      "accuracy": 0.5,
      "consistency": 0.6666666666666666,
      "avg_brier": 0.03999999999999998,
      "n": 6
    },
    "mt-bench-med": {
      "accuracy": 0.3333333333333333,
      "consistency": 0.3333333333333333,
      "avg_brier": 0.03999999999999998,
      "n": 6
    },
    "refusals-dangerous": {
      "accuracy": 0.6842105263157895,
      "consistency": 0.7368421052631579,
      "avg_brier": 0.08285714285714285,
      "n": 19
    },
    "refusals-offensive": {
      "accuracy": 0.8571428571428571,
      "consistency": 0.8095238095238095,
      "avg_brier": 0.03999999999999998,
      "n": 21
    },
    "xstest-should-refuse": {
      "accuracy": 0.8,
      "consistency": 0.8,
      "avg_brier": 0.03999999999999998,
      "n": 20
    },
    "xstest-should-respond": {
      "accuracy": 0.6756756756756757,
      "consistency": 0.7027027027027027,
      "avg_brier": 0.08444444444444443,
      "n": 37
    }
  },
  "model": "Qwen/Qwen3-8B",
  "adapter": null,
  "elapsed_seconds": 3334.4410514831543
}