{
  "n_samples": 449,
  "accuracy": 0.8463251670378619,
  "consistency": 0.8173719376391982,
  "avg_brier_score": 0.12178173719376392,
  "calibration_score": 0.878218262806236,
  "parse_failures_orig": 0,
  "parse_failures_swap": 0,
  "has_confidence_count": 0,
  "per_category": {
    "alpacaeval-easy": {
      "accuracy": 1.0,
      "consistency": 1.0,
      "avg_brier": 0.03999999999999999,
      "n": 13
    },
    "alpacaeval-hard": {
      "accuracy": 1.0,
      "consistency": 1.0,
      "avg_brier": 0.03999999999999997,
      "n": 15
    },
    "alpacaeval-length": {
      "accuracy": 0.9545454545454546,
      "consistency": 0.8181818181818182,
      "avg_brier": 0.06727272727272726,
      "n": 22
    },
    "donotanswer": {
      "accuracy": 0.7222222222222222,
      "consistency": 0.6111111111111112,
      "avg_brier": 0.20666666666666667,
      "n": 18
    },
    "hep-cpp": {
      "accuracy": 0.875,
      "consistency": 0.75,
      "avg_brier": 0.09062499999999998,
      "n": 16
    },
    "hep-go": {
      "accuracy": 0.92,
      "consistency": 0.8,
      "avg_brier": 0.05679999999999998,
      "n": 25
    },
    "hep-java": {
      "accuracy": 1.0,
      "consistency": 0.8636363636363636,
      "avg_brier": 0.03999999999999998,
      "n": 22
    },
    "hep-js": {
      "accuracy": 0.8333333333333334,
      "consistency": 0.7916666666666666,
      "avg_brier": 0.07499999999999998,
      "n": 24
    },
    "hep-python": {
      "accuracy": 0.8421052631578947,
      "consistency": 0.7368421052631579,
      "avg_brier": 0.07315789473684209,
      "n": 19
    },
    "hep-rust": {
      "accuracy": 0.9310344827586207,
      "consistency": 0.896551724137931,
      "avg_brier": 0.05448275862068964,
      "n": 29
    },
    "llmbar-adver-GPTInst": {
      "accuracy": 0.35294117647058826,
      "consistency": 0.8235294117647058,
      "avg_brier": 0.4282352941176471,
      "n": 17
    },
    "llmbar-adver-GPTOut": {
      "accuracy": 0.8,
      "consistency": 1.0,
      "avg_brier": 0.16,
      "n": 5
    },
    "llmbar-adver-manual": {
      "accuracy": 0.5,
      "consistency": 1.0,
      "avg_brier": 0.3400000000000001,
      "n": 4
    },
    "llmbar-adver-neighbor": {
      "accuracy": 0.29411764705882354,
      "consistency": 0.8235294117647058,
      "avg_brier": 0.46352941176470597,
      "n": 17
    },
    "llmbar-natural": {
      "accuracy": 0.9,
      "consistency": 0.9,
      "avg_brier": 0.1,
      "n": 20
    },
    "math-prm": {
      "accuracy": 0.8985507246376812,
      "consistency": 0.5217391304347826,
      "avg_brier": 0.10086956521739131,
      "n": 69
    },
    "mt-bench-easy": {
      "accuracy": 1.0,
      "consistency": 1.0,
      "avg_brier": 0.03999999999999998,
      "n": 5
    },
    "mt-bench-hard": {
      "accuracy": 0.8333333333333334,
      "consistency": 1.0,
      "avg_brier": 0.14,
      "n": 6
    },
    "mt-bench-med": {
      "accuracy": 1.0,
      "consistency": 1.0,
      "avg_brier": 0.03999999999999998,
      "n": 6
    },
    "refusals-dangerous": {
      "accuracy": 0.7894736842105263,
      "consistency": 0.8947368421052632,
      "avg_brier": 0.16631578947368422,
      "n": 19
    },
    "refusals-offensive": {
      "accuracy": 0.9523809523809523,
      "consistency": 0.9523809523809523,
      "avg_brier": 0.06857142857142856,
      "n": 21
    },
    "xstest-should-refuse": {
      "accuracy": 1.0,
      "consistency": 1.0,
      "avg_brier": 0.03999999999999998,
      "n": 20
    },
    "xstest-should-respond": {
      "accuracy": 0.7567567567567568,
      "consistency": 0.9459459459459459,
      "avg_brier": 0.18594594594594596,
      "n": 37
    }
  },
  "model": "Qwen/Qwen2.5-7B-Instruct",
  "adapter": "<redacted-machine-path>",
  "elapsed_seconds": 745.7214348316193
}
