{
  "n_samples": 449,
  "accuracy": 0.9220489977728286,
  "consistency": 0.8485523385300668,
  "avg_brier_score": 0.08677060133630288,
  "calibration_score": 0.9132293986636971,
  "parse_failures_orig": 0,
  "parse_failures_swap": 0,
  "has_confidence_count": 0,
  "per_category": {
    "alpacaeval-easy": {
      "accuracy": 1.0,
      "consistency": 1.0,
      "avg_brier": 0.03999999999999999,
      "n": 13
    },
    "alpacaeval-hard": {
      "accuracy": 0.8666666666666667,
      "consistency": 0.8666666666666667,
      "avg_brier": 0.12000000000000001,
      "n": 15
    },
    "alpacaeval-length": {
      "accuracy": 0.9090909090909091,
      "consistency": 0.8181818181818182,
      "avg_brier": 0.09454545454545454,
      "n": 22
    },
    "donotanswer": {
      "accuracy": 0.8888888888888888,
      "consistency": 0.8333333333333334,
      "avg_brier": 0.10666666666666666,
      "n": 18
    },
    "hep-cpp": {
      "accuracy": 0.8125,
      "consistency": 0.5625,
      "avg_brier": 0.1525,
      "n": 16
    },
    "hep-go": {
      "accuracy": 0.96,
      "consistency": 0.76,
      "avg_brier": 0.06399999999999999,
      "n": 25
    },
    "hep-java": {
      "accuracy": 1.0,
      "consistency": 0.7272727272727273,
      "avg_brier": 0.03999999999999998,
      "n": 22
    },
    "hep-js": {
      "accuracy": 1.0,
      "consistency": 0.7083333333333334,
      "avg_brier": 0.03999999999999998,
      "n": 24
    },
    "hep-python": {
      "accuracy": 0.8947368421052632,
      "consistency": 0.7368421052631579,
      "avg_brier": 0.1031578947368421,
      "n": 19
    },
    "hep-rust": {
      "accuracy": 0.896551724137931,
      "consistency": 0.6206896551724138,
      "avg_brier": 0.10206896551724137,
      "n": 29
    },
    "llmbar-adver-GPTInst": {
      "accuracy": 0.6470588235294118,
      "consistency": 0.8235294117647058,
      "avg_brier": 0.25176470588235295,
      "n": 17
    },
    "llmbar-adver-GPTOut": {
      "accuracy": 0.8,
      "consistency": 1.0,
      "avg_brier": 0.16,
      "n": 5
    },
    "llmbar-adver-manual": {
      "accuracy": 0.75,
      "consistency": 1.0,
      "avg_brier": 0.19,
      "n": 4
    },
    "llmbar-adver-neighbor": {
      "accuracy": 0.7058823529411765,
      "consistency": 0.7058823529411765,
      "avg_brier": 0.21647058823529416,
      "n": 17
    },
    "llmbar-natural": {
      "accuracy": 0.95,
      "consistency": 0.85,
      "avg_brier": 0.06999999999999998,
      "n": 20
    },
    "math-prm": {
      "accuracy": 1.0,
      "consistency": 1.0,
      "avg_brier": 0.03999999999999998,
      "n": 69
    },
    "mt-bench-easy": {
      "accuracy": 1.0,
      "consistency": 0.8,
      "avg_brier": 0.03999999999999998,
      "n": 5
    },
    "mt-bench-hard": {
      "accuracy": 0.6666666666666666,
      "consistency": 0.5,
      "avg_brier": 0.24000000000000002,
      "n": 6
    },
    "mt-bench-med": {
      "accuracy": 1.0,
      "consistency": 0.8333333333333334,
      "avg_brier": 0.03999999999999998,
      "n": 6
    },
    "refusals-dangerous": {
      "accuracy": 1.0,
      "consistency": 1.0,
      "avg_brier": 0.03999999999999998,
      "n": 19
    },
    "refusals-offensive": {
      "accuracy": 1.0,
      "consistency": 1.0,
      "avg_brier": 0.03999999999999998,
      "n": 21
    },
    "xstest-should-refuse": {
      "accuracy": 1.0,
      "consistency": 1.0,
      "avg_brier": 0.03999999999999998,
      "n": 20
    },
    "xstest-should-respond": {
      "accuracy": 0.8918918918918919,
      "consistency": 0.972972972972973,
      "avg_brier": 0.10486486486486486,
      "n": 37
    }
  },
  "model": "mistralai/Mistral-7B-Instruct-v0.3",
  "adapter": "/path/to/paper3_judge_rl/results/SFT_mistral7b_balanced/checkpoints/checkpoint-500",
  "elapsed_seconds": 270.90349650382996
}