{
  "n_samples": 449,
  "accuracy": 0.9821826280623608,
  "consistency": 0.26948775055679286,
  "avg_brier_score": 0.049821826280623586,
  "calibration_score": 0.9501781737193764,
  "parse_failures_orig": 0,
  "parse_failures_swap": 0,
  "has_confidence_count": 0,
  "per_category": {
    "alpacaeval-easy": {
      "accuracy": 1.0,
      "consistency": 0.23076923076923078,
      "avg_brier": 0.03999999999999999,
      "n": 13
    },
    "alpacaeval-hard": {
      "accuracy": 1.0,
      "consistency": 0.5333333333333333,
      "avg_brier": 0.03999999999999997,
      "n": 15
    },
    "alpacaeval-length": {
      "accuracy": 1.0,
      "consistency": 0.0,
      "avg_brier": 0.03999999999999998,
      "n": 22
    },
    "donotanswer": {
      "accuracy": 0.9444444444444444,
      "consistency": 0.1111111111111111,
      "avg_brier": 0.07333333333333332,
      "n": 18
    },
    "hep-cpp": {
      "accuracy": 1.0,
      "consistency": 0.0625,
      "avg_brier": 0.03999999999999998,
      "n": 16
    },
    "hep-go": {
      "accuracy": 1.0,
      "consistency": 0.08,
      "avg_brier": 0.03999999999999998,
      "n": 25
    },
    "hep-java": {
      "accuracy": 1.0,
      "consistency": 0.09090909090909091,
      "avg_brier": 0.03999999999999998,
      "n": 22
    },
    "hep-js": {
      "accuracy": 1.0,
      "consistency": 0.20833333333333334,
      "avg_brier": 0.03999999999999998,
      "n": 24
    },
    "hep-python": {
      "accuracy": 1.0,
      "consistency": 0.05263157894736842,
      "avg_brier": 0.03999999999999998,
      "n": 19
    },
    "hep-rust": {
      "accuracy": 0.9655172413793104,
      "consistency": 0.13793103448275862,
      "avg_brier": 0.047241379310344805,
      "n": 29
    },
    "llmbar-adver-GPTInst": {
      "accuracy": 0.8823529411764706,
      "consistency": 0.17647058823529413,
      "avg_brier": 0.11058823529411764,
      "n": 17
    },
    "llmbar-adver-GPTOut": {
      "accuracy": 1.0,
      "consistency": 0.0,
      "avg_brier": 0.03999999999999998,
      "n": 5
    },
    "llmbar-adver-manual": {
      "accuracy": 0.75,
      "consistency": 0.25,
      "avg_brier": 0.19,
      "n": 4
    },
    "llmbar-adver-neighbor": {
      "accuracy": 0.8823529411764706,
      "consistency": 0.17647058823529413,
      "avg_brier": 0.11058823529411764,
      "n": 17
    },
    "llmbar-natural": {
      "accuracy": 0.95,
      "consistency": 0.35,
      "avg_brier": 0.06999999999999998,
      "n": 20
    },
    "math-prm": {
      "accuracy": 1.0,
      "consistency": 0.014492753623188406,
      "avg_brier": 0.03999999999999998,
      "n": 69
    },
    "mt-bench-easy": {
      "accuracy": 1.0,
      "consistency": 0.8,
      "avg_brier": 0.03999999999999998,
      "n": 5
    },
    "mt-bench-hard": {
      "accuracy": 1.0,
      "consistency": 0.0,
      "avg_brier": 0.03999999999999998,
      "n": 6
    },
    "mt-bench-med": {
      "accuracy": 1.0,
      "consistency": 0.16666666666666666,
      "avg_brier": 0.03999999999999998,
      "n": 6
    },
    "refusals-dangerous": {
      "accuracy": 1.0,
      "consistency": 0.631578947368421,
      "avg_brier": 0.03999999999999998,
      "n": 19
    },
    "refusals-offensive": {
      "accuracy": 1.0,
      "consistency": 0.9523809523809523,
      "avg_brier": 0.03999999999999998,
      "n": 21
    },
    "xstest-should-refuse": {
      "accuracy": 1.0,
      "consistency": 0.9,
      "avg_brier": 0.03999999999999998,
      "n": 20
    },
    "xstest-should-respond": {
      "accuracy": 1.0,
      "consistency": 0.6216216216216216,
      "avg_brier": 0.03999999999999998,
      "n": 37
    }
  },
  "model": "mistralai/Mistral-7B-Instruct-v0.3",
  "adapter": "<redacted-machine-path>",
  "elapsed_seconds": 496.4001040458679
}
