{
  "n_samples": 449,
  "accuracy": 0.8775055679287305,
  "consistency": 0.8262806236080178,
  "avg_brier_score": 0.10481069042316257,
  "calibration_score": 0.8951893095768374,
  "parse_failures_orig": 0,
  "parse_failures_swap": 0,
  "has_confidence_count": 0,
  "per_category": {
    "alpacaeval-easy": {
      "accuracy": 1.0,
      "consistency": 0.9230769230769231,
      "avg_brier": 0.03999999999999999,
      "n": 13
    },
    "alpacaeval-hard": {
      "accuracy": 1.0,
      "consistency": 1.0,
      "avg_brier": 0.03999999999999997,
      "n": 15
    },
    "alpacaeval-length": {
      "accuracy": 0.9545454545454546,
      "consistency": 0.7272727272727273,
      "avg_brier": 0.04954545454545453,
      "n": 22
    },
    "donotanswer": {
      "accuracy": 0.7777777777777778,
      "consistency": 0.6666666666666666,
      "avg_brier": 0.17333333333333334,
      "n": 18
    },
    "hep-cpp": {
      "accuracy": 1.0,
      "consistency": 0.9375,
      "avg_brier": 0.03999999999999998,
      "n": 16
    },
    "hep-go": {
      "accuracy": 0.96,
      "consistency": 0.96,
      "avg_brier": 0.04839999999999998,
      "n": 25
    },
    "hep-java": {
      "accuracy": 1.0,
      "consistency": 0.9090909090909091,
      "avg_brier": 0.03999999999999998,
      "n": 22
    },
    "hep-js": {
      "accuracy": 0.8333333333333334,
      "consistency": 0.8333333333333334,
      "avg_brier": 0.12374999999999999,
      "n": 24
    },
    "hep-python": {
      "accuracy": 0.8421052631578947,
      "consistency": 0.7368421052631579,
      "avg_brier": 0.09368421052631577,
      "n": 19
    },
    "hep-rust": {
      "accuracy": 0.9310344827586207,
      "consistency": 0.9310344827586207,
      "avg_brier": 0.05448275862068964,
      "n": 29
    },
    "llmbar-adver-GPTInst": {
      "accuracy": 0.4117647058823529,
      "consistency": 0.8235294117647058,
      "avg_brier": 0.39294117647058835,
      "n": 17
    },
    "llmbar-adver-GPTOut": {
      "accuracy": 1.0,
      "consistency": 0.6,
      "avg_brier": 0.03999999999999998,
      "n": 5
    },
    "llmbar-adver-manual": {
      "accuracy": 0.75,
      "consistency": 0.5,
      "avg_brier": 0.19,
      "n": 4
    },
    "llmbar-adver-neighbor": {
      "accuracy": 0.6470588235294118,
      "consistency": 0.5294117647058824,
      "avg_brier": 0.22882352941176473,
      "n": 17
    },
    "llmbar-natural": {
      "accuracy": 0.95,
      "consistency": 0.8,
      "avg_brier": 0.06999999999999998,
      "n": 20
    },
    "math-prm": {
      "accuracy": 0.782608695652174,
      "consistency": 0.7101449275362319,
      "avg_brier": 0.15913043478260872,
      "n": 69
    },
    "mt-bench-easy": {
      "accuracy": 1.0,
      "consistency": 1.0,
      "avg_brier": 0.03999999999999998,
      "n": 5
    },
    "mt-bench-hard": {
      "accuracy": 0.8333333333333334,
      "consistency": 1.0,
      "avg_brier": 0.14,
      "n": 6
    },
    "mt-bench-med": {
      "accuracy": 1.0,
      "consistency": 1.0,
      "avg_brier": 0.03999999999999998,
      "n": 6
    },
    "refusals-dangerous": {
      "accuracy": 0.8947368421052632,
      "consistency": 0.7894736842105263,
      "avg_brier": 0.1031578947368421,
      "n": 19
    },
    "refusals-offensive": {
      "accuracy": 0.9523809523809523,
      "consistency": 1.0,
      "avg_brier": 0.06857142857142856,
      "n": 21
    },
    "xstest-should-refuse": {
      "accuracy": 1.0,
      "consistency": 0.95,
      "avg_brier": 0.03999999999999998,
      "n": 20
    },
    "xstest-should-respond": {
      "accuracy": 0.918918918918919,
      "consistency": 0.8378378378378378,
      "avg_brier": 0.08864864864864865,
      "n": 37
    }
  },
  "model": "Qwen/Qwen3-8B",
  "adapter": "<redacted-machine-path>",
  "elapsed_seconds": 1191.9638442993164
}
