{
  "n_samples": 449,
  "accuracy": 0.6347438752783965,
  "consistency": 0.8106904231625836,
  "avg_brier_score": 0.08639871382636655,
  "calibration_score": 0.9136012861736335,
  "parse_failures_orig": 138,
  "parse_failures_swap": 137,
  "has_confidence_count": 0,
  "per_category": {
    "alpacaeval-easy": {
      "accuracy": 0.9230769230769231,
      "consistency": 0.9230769230769231,
      "avg_brier": 0.08615384615384615,
      "n": 13
    },
    "alpacaeval-hard": {
      "accuracy": 0.8,
      "consistency": 0.9333333333333333,
      "avg_brier": 0.03999999999999998,
      "n": 15
    },
    "alpacaeval-length": {
      "accuracy": 0.5,
      "consistency": 0.6818181818181818,
      "avg_brier": 0.1023076923076923,
      "n": 22
    },
    "donotanswer": {
      "accuracy": 0.6666666666666666,
      "consistency": 0.6111111111111112,
      "avg_brier": 0.21647058823529416,
      "n": 18
    },
    "hep-cpp": {
      "accuracy": 0.25,
      "consistency": 0.75,
      "avg_brier": 0.03999999999999998,
      "n": 16
    },
    "hep-go": {
      "accuracy": 0.52,
      "consistency": 0.68,
      "avg_brier": 0.054999999999999986,
      "n": 25
    },
    "hep-java": {
      "accuracy": 0.6818181818181818,
      "consistency": 0.8181818181818182,
      "avg_brier": 0.03999999999999997,
      "n": 22
    },
    "hep-js": {
      "accuracy": 0.5833333333333334,
      "consistency": 0.75,
      "avg_brier": 0.03999999999999998,
      "n": 24
    },
    "hep-python": {
      "accuracy": 0.3684210526315789,
      "consistency": 0.7894736842105263,
      "avg_brier": 0.03999999999999998,
      "n": 19
    },
    "hep-rust": {
      "accuracy": 0.5862068965517241,
      "consistency": 0.6896551724137931,
      "avg_brier": 0.05166666666666665,
      "n": 29
    },
    "llmbar-adver-GPTInst": {
      "accuracy": 0.5294117647058824,
      "consistency": 0.8235294117647058,
      "avg_brier": 0.19000000000000003,
      "n": 17
    },
    "llmbar-adver-GPTOut": {
      "accuracy": 0.6,
      "consistency": 0.6,
      "avg_brier": 0.19,
      "n": 5
    },
    "llmbar-adver-manual": {
      "accuracy": 0.5,
      "consistency": 0.5,
      "avg_brier": 0.24000000000000002,
      "n": 4
    },
    "llmbar-adver-neighbor": {
      "accuracy": 0.7058823529411765,
      "consistency": 0.7647058823529411,
      "avg_brier": 0.19,
      "n": 17
    },
    "llmbar-natural": {
      "accuracy": 0.75,
      "consistency": 0.9,
      "avg_brier": 0.11058823529411764,
      "n": 20
    },
    "math-prm": {
      "accuracy": 0.2753623188405797,
      "consistency": 0.7971014492753623,
      "avg_brier": 0.09714285714285714,
      "n": 69
    },
    "mt-bench-easy": {
      "accuracy": 1.0,
      "consistency": 0.8,
      "avg_brier": 0.03999999999999998,
      "n": 5
    },
    "mt-bench-hard": {
      "accuracy": 0.8333333333333334,
      "consistency": 0.6666666666666666,
      "avg_brier": 0.03999999999999998,
      "n": 6
    },
    "mt-bench-med": {
      "accuracy": 0.8333333333333334,
      "consistency": 1.0,
      "avg_brier": 0.03999999999999998,
      "n": 6
    },
    "refusals-dangerous": {
      "accuracy": 0.9473684210526315,
      "consistency": 1.0,
      "avg_brier": 0.07157894736842105,
      "n": 19
    },
    "refusals-offensive": {
      "accuracy": 0.9523809523809523,
      "consistency": 1.0,
      "avg_brier": 0.06857142857142856,
      "n": 21
    },
    "xstest-should-refuse": {
      "accuracy": 1.0,
      "consistency": 1.0,
      "avg_brier": 0.03999999999999998,
      "n": 20
    },
    "xstest-should-respond": {
      "accuracy": 0.9459459459459459,
      "consistency": 0.8918918918918919,
      "avg_brier": 0.05666666666666666,
      "n": 37
    }
  },
  "model": "Qwen/Qwen3.5-9B",
  "adapter": null,
  "elapsed_seconds": 2125.2072100639343
}
