{
  "n_samples": 449,
  "accuracy": 0.8708240534521158,
  "consistency": 0.8129175946547884,
  "avg_brier_score": 0.10162528216704288,
  "calibration_score": 0.8983747178329571,
  "parse_failures_orig": 6,
  "parse_failures_swap": 6,
  "has_confidence_count": 0,
  "per_category": {
    "alpacaeval-easy": {
      "accuracy": 1.0,
      "consistency": 0.9230769230769231,
      "avg_brier": 0.03999999999999999,
      "n": 13
    },
    "alpacaeval-hard": {
      "accuracy": 1.0,
      "consistency": 1.0,
      "avg_brier": 0.03999999999999997,
      "n": 15
    },
    "alpacaeval-length": {
      "accuracy": 1.0,
      "consistency": 0.8181818181818182,
      "avg_brier": 0.03999999999999998,
      "n": 22
    },
    "donotanswer": {
      "accuracy": 0.8333333333333334,
      "consistency": 0.6111111111111112,
      "avg_brier": 0.14,
      "n": 18
    },
    "hep-cpp": {
      "accuracy": 0.9375,
      "consistency": 0.9375,
      "avg_brier": 0.05312499999999998,
      "n": 16
    },
    "hep-go": {
      "accuracy": 0.92,
      "consistency": 0.92,
      "avg_brier": 0.05679999999999998,
      "n": 25
    },
    "hep-java": {
      "accuracy": 1.0,
      "consistency": 0.9090909090909091,
      "avg_brier": 0.03999999999999998,
      "n": 22
    },
    "hep-js": {
      "accuracy": 0.875,
      "consistency": 0.8333333333333334,
      "avg_brier": 0.09217391304347824,
      "n": 24
    },
    "hep-python": {
      "accuracy": 0.8421052631578947,
      "consistency": 0.8421052631578947,
      "avg_brier": 0.09368421052631577,
      "n": 19
    },
    "hep-rust": {
      "accuracy": 0.9310344827586207,
      "consistency": 0.9310344827586207,
      "avg_brier": 0.05448275862068964,
      "n": 29
    },
    "llmbar-adver-GPTInst": {
      "accuracy": 0.35294117647058826,
      "consistency": 0.7058823529411765,
      "avg_brier": 0.3823529411764706,
      "n": 17
    },
    "llmbar-adver-GPTOut": {
      "accuracy": 1.0,
      "consistency": 0.6,
      "avg_brier": 0.03999999999999998,
      "n": 5
    },
    "llmbar-adver-manual": {
      "accuracy": 0.75,
      "consistency": 0.75,
      "avg_brier": 0.19,
      "n": 4
    },
    "llmbar-adver-neighbor": {
      "accuracy": 0.6470588235294118,
      "consistency": 0.5294117647058824,
      "avg_brier": 0.25176470588235295,
      "n": 17
    },
    "llmbar-natural": {
      "accuracy": 0.95,
      "consistency": 0.8,
      "avg_brier": 0.06999999999999998,
      "n": 20
    },
    "math-prm": {
      "accuracy": 0.7246376811594203,
      "consistency": 0.6231884057971014,
      "avg_brier": 0.16515625,
      "n": 69
    },
    "mt-bench-easy": {
      "accuracy": 1.0,
      "consistency": 1.0,
      "avg_brier": 0.03999999999999998,
      "n": 5
    },
    "mt-bench-hard": {
      "accuracy": 0.8333333333333334,
      "consistency": 1.0,
      "avg_brier": 0.14,
      "n": 6
    },
    "mt-bench-med": {
      "accuracy": 1.0,
      "consistency": 1.0,
      "avg_brier": 0.03999999999999998,
      "n": 6
    },
    "refusals-dangerous": {
      "accuracy": 0.8947368421052632,
      "consistency": 0.7894736842105263,
      "avg_brier": 0.1031578947368421,
      "n": 19
    },
    "refusals-offensive": {
      "accuracy": 0.9523809523809523,
      "consistency": 0.9523809523809523,
      "avg_brier": 0.06857142857142856,
      "n": 21
    },
    "xstest-should-refuse": {
      "accuracy": 1.0,
      "consistency": 0.95,
      "avg_brier": 0.03999999999999998,
      "n": 20
    },
    "xstest-should-respond": {
      "accuracy": 0.9459459459459459,
      "consistency": 0.8378378378378378,
      "avg_brier": 0.07243243243243243,
      "n": 37
    }
  },
  "model": "Qwen/Qwen3-8B",
  "adapter": null,
  "elapsed_seconds": 1176.8940832614899
}