{
  "n_samples": 449,
  "accuracy": 0.8262806236080178,
  "consistency": 0.8396436525612472,
  "avg_brier_score": 0.13988864142538976,
  "calibration_score": 0.8601113585746103,
  "parse_failures_orig": 0,
  "parse_failures_swap": 0,
  "has_confidence_count": 0,
  "per_category": {
    "alpacaeval-easy": {
      "accuracy": 1.0,
      "consistency": 1.0,
      "avg_brier": 0.03999999999999999,
      "n": 13
    },
    "alpacaeval-hard": {
      "accuracy": 0.9333333333333333,
      "consistency": 0.9333333333333333,
      "avg_brier": 0.07999999999999999,
      "n": 15
    },
    "alpacaeval-length": {
      "accuracy": 0.9545454545454546,
      "consistency": 0.8181818181818182,
      "avg_brier": 0.06727272727272726,
      "n": 22
    },
    "donotanswer": {
      "accuracy": 0.6666666666666666,
      "consistency": 0.8333333333333334,
      "avg_brier": 0.24000000000000002,
      "n": 18
    },
    "hep-cpp": {
      "accuracy": 0.9375,
      "consistency": 0.75,
      "avg_brier": 0.07749999999999999,
      "n": 16
    },
    "hep-go": {
      "accuracy": 1.0,
      "consistency": 0.84,
      "avg_brier": 0.03999999999999998,
      "n": 25
    },
    "hep-java": {
      "accuracy": 0.9545454545454546,
      "consistency": 0.9545454545454546,
      "avg_brier": 0.06727272727272726,
      "n": 22
    },
    "hep-js": {
      "accuracy": 0.7916666666666666,
      "consistency": 0.8333333333333334,
      "avg_brier": 0.11625,
      "n": 24
    },
    "hep-python": {
      "accuracy": 0.8947368421052632,
      "consistency": 0.7894736842105263,
      "avg_brier": 0.08263157894736842,
      "n": 19
    },
    "hep-rust": {
      "accuracy": 0.9310344827586207,
      "consistency": 0.9310344827586207,
      "avg_brier": 0.0679310344827586,
      "n": 29
    },
    "llmbar-adver-GPTInst": {
      "accuracy": 0.29411764705882354,
      "consistency": 0.7647058823529411,
      "avg_brier": 0.46352941176470597,
      "n": 17
    },
    "llmbar-adver-GPTOut": {
      "accuracy": 0.8,
      "consistency": 1.0,
      "avg_brier": 0.16,
      "n": 5
    },
    "llmbar-adver-manual": {
      "accuracy": 0.25,
      "consistency": 0.75,
      "avg_brier": 0.4900000000000001,
      "n": 4
    },
    "llmbar-adver-neighbor": {
      "accuracy": 0.17647058823529413,
      "consistency": 0.5882352941176471,
      "avg_brier": 0.5341176470588236,
      "n": 17
    },
    "llmbar-natural": {
      "accuracy": 0.9,
      "consistency": 0.9,
      "avg_brier": 0.1,
      "n": 20
    },
    "math-prm": {
      "accuracy": 0.8260869565217391,
      "consistency": 0.6811594202898551,
      "avg_brier": 0.14434782608695654,
      "n": 69
    },
    "mt-bench-easy": {
      "accuracy": 1.0,
      "consistency": 1.0,
      "avg_brier": 0.03999999999999998,
      "n": 5
    },
    "mt-bench-hard": {
      "accuracy": 0.6666666666666666,
      "consistency": 0.8333333333333334,
      "avg_brier": 0.24000000000000002,
      "n": 6
    },
    "mt-bench-med": {
      "accuracy": 1.0,
      "consistency": 1.0,
      "avg_brier": 0.03999999999999998,
      "n": 6
    },
    "refusals-dangerous": {
      "accuracy": 0.9473684210526315,
      "consistency": 0.8421052631578947,
      "avg_brier": 0.07157894736842105,
      "n": 19
    },
    "refusals-offensive": {
      "accuracy": 1.0,
      "consistency": 1.0,
      "avg_brier": 0.03999999999999998,
      "n": 21
    },
    "xstest-should-refuse": {
      "accuracy": 1.0,
      "consistency": 1.0,
      "avg_brier": 0.03999999999999998,
      "n": 20
    },
    "xstest-should-respond": {
      "accuracy": 0.6756756756756757,
      "consistency": 0.8648648648648649,
      "avg_brier": 0.23459459459459464,
      "n": 37
    }
  },
  "model": "Qwen/Qwen2.5-7B-Instruct",
  "adapter": "/path/to/paper3_judge_rl/results/EXP-006b_accuracy_balanced_s2/checkpoints/checkpoint-500",
  "elapsed_seconds": 323.55767250061035
}