{
  "EXP-006_accuracy_only": {
    "accuracy": 94.43207126948775,
    "consistency": 60.801781737193764,
    "pred_A": 424,
    "pred_B": 20,
    "pred_other": 5,
    "swap_A": 181,
    "swap_B": 255,
    "swap_other": 13,
    "gold_A": 449,
    "gold_B": 0,
    "always_first": 162,
    "always_second": 2,
    "position_bias": 35.634743875278396,
    "n": 449
  },
  "EXP-006_accuracy_s2": {
    "accuracy": 95.54565701559021,
    "consistency": 51.67037861915368,
    "pred_A": 429,
    "pred_B": 10,
    "pred_other": 10,
    "swap_A": 218,
    "swap_B": 219,
    "swap_other": 12,
    "gold_A": 449,
    "gold_B": 0,
    "always_first": 207,
    "always_second": 0,
    "position_bias": 46.10244988864143,
    "n": 449
  },
  "EXP-006_accuracy_s3": {
    "accuracy": 92.87305122494432,
    "consistency": 68.59688195991092,
    "pred_A": 417,
    "pred_B": 25,
    "pred_other": 7,
    "swap_A": 155,
    "swap_B": 280,
    "swap_other": 14,
    "gold_A": 449,
    "gold_B": 0,
    "always_first": 130,
    "always_second": 0,
    "position_bias": 28.953229398663698,
    "n": 449
  },
  "EXP-007a_acc_decisive": {
    "accuracy": 94.65478841870824,
    "consistency": 61.69265033407573,
    "pred_A": 425,
    "pred_B": 19,
    "pred_other": 5,
    "swap_A": 181,
    "swap_B": 257,
    "swap_other": 11,
    "gold_A": 449,
    "gold_B": 0,
    "always_first": 162,
    "always_second": 0,
    "position_bias": 36.080178173719375,
    "n": 449
  },
  "EXP-007a_acc_decisive_s2": {
    "accuracy": 93.0957683741648,
    "consistency": 70.8240534521158,
    "pred_A": 418,
    "pred_B": 25,
    "pred_other": 6,
    "swap_A": 144,
    "swap_B": 291,
    "swap_other": 14,
    "gold_A": 449,
    "gold_B": 0,
    "always_first": 119,
    "always_second": 0,
    "position_bias": 26.50334075723831,
    "n": 449
  },
  "EXP-008_acc_calib": {
    "accuracy": 95.10022271714922,
    "consistency": 61.69265033407573,
    "pred_A": 427,
    "pred_B": 14,
    "pred_other": 8,
    "swap_A": 171,
    "swap_B": 262,
    "swap_other": 16,
    "gold_A": 449,
    "gold_B": 0,
    "always_first": 156,
    "always_second": 0,
    "position_bias": 34.74387527839644,
    "n": 449
  },
  "EXP-008_acc_calib_s2": {
    "accuracy": 95.54565701559021,
    "consistency": 51.67037861915368,
    "pred_A": 429,
    "pred_B": 11,
    "pred_other": 9,
    "swap_A": 215,
    "swap_B": 219,
    "swap_other": 15,
    "gold_A": 449,
    "gold_B": 0,
    "always_first": 203,
    "always_second": 0,
    "position_bias": 45.211581291759465,
    "n": 449
  },
  "EXP-009_full_composite": {
    "accuracy": 93.98663697104676,
    "consistency": 61.69265033407573,
    "pred_A": 422,
    "pred_B": 23,
    "pred_other": 4,
    "swap_A": 183,
    "swap_B": 257,
    "swap_other": 9,
    "gold_A": 449,
    "gold_B": 0,
    "always_first": 162,
    "always_second": 3,
    "position_bias": 35.4120267260579,
    "n": 449
  },
  "EXP-009_full_composite_s2": {
    "accuracy": 95.99109131403118,
    "consistency": 45.43429844097995,
    "pred_A": 431,
    "pred_B": 12,
    "pred_other": 6,
    "swap_A": 242,
    "swap_B": 191,
    "swap_other": 16,
    "gold_A": 449,
    "gold_B": 0,
    "always_first": 229,
    "always_second": 0,
    "position_bias": 51.00222717149221,
    "n": 449
  },
  "EXP-009_full_composite_s3": {
    "accuracy": 93.98663697104676,
    "consistency": 63.91982182628062,
    "pred_A": 422,
    "pred_B": 22,
    "pred_other": 5,
    "swap_A": 172,
    "swap_B": 266,
    "swap_other": 11,
    "gold_A": 449,
    "gold_B": 0,
    "always_first": 151,
    "always_second": 1,
    "position_bias": 33.4075723830735,
    "n": 449
  },
  "EXP-009_full_lr1e5": {
    "accuracy": 98.88641425389754,
    "consistency": 38.084632516703785,
    "pred_A": 444,
    "pred_B": 3,
    "pred_other": 2,
    "swap_A": 279,
    "swap_B": 166,
    "swap_other": 4,
    "gold_A": 449,
    "gold_B": 0,
    "always_first": 276,
    "always_second": 0,
    "position_bias": 61.46993318485523,
    "n": 449
  },
  "EXP-009_full_lr1e6": {
    "accuracy": 82.18262806236079,
    "consistency": 79.28730512249443,
    "pred_A": 369,
    "pred_B": 60,
    "pred_other": 20,
    "swap_A": 88,
    "swap_B": 337,
    "swap_other": 24,
    "gold_A": 449,
    "gold_B": 0,
    "always_first": 46,
    "always_second": 19,
    "position_bias": 6.013363028953229,
    "n": 449
  },
  "EXP-009_full_s4": {
    "accuracy": 94.65478841870824,
    "consistency": 64.14253897550111,
    "pred_A": 425,
    "pred_B": 20,
    "pred_other": 4,
    "swap_A": 169,
    "swap_B": 271,
    "swap_other": 9,
    "gold_A": 449,
    "gold_B": 0,
    "always_first": 150,
    "always_second": 2,
    "position_bias": 32.962138084632514,
    "n": 449
  },
  "baseline_qwen3_8b": {
    "accuracy": 36.080178173719375,
    "consistency": 78.39643652561247,
    "pred_A": 162,
    "pred_B": 7,
    "pred_other": 280,
    "swap_A": 10,
    "swap_B": 151,
    "swap_other": 288,
    "gold_A": 449,
    "gold_B": 0,
    "always_first": 1,
    "always_second": 0,
    "position_bias": 0.22271714922048996,
    "n": 449
  },
  "baseline_qwen7b": {
    "accuracy": 80.17817371937639,
    "consistency": 81.51447661469933,
    "pred_A": 360,
    "pred_B": 71,
    "pred_other": 18,
    "swap_A": 83,
    "swap_B": 338,
    "swap_other": 28,
    "gold_A": 449,
    "gold_B": 0,
    "always_first": 34,
    "always_second": 23,
    "position_bias": 2.4498886414253898,
    "n": 449
  },
  "baseline_qwen7b_244": {
    "accuracy": 79.9554565701559,
    "consistency": 81.29175946547885,
    "pred_A": 359,
    "pred_B": 67,
    "pred_other": 23,
    "swap_A": 82,
    "swap_B": 341,
    "swap_other": 26,
    "gold_A": 449,
    "gold_B": 0,
    "always_first": 37,
    "always_second": 24,
    "position_bias": 2.89532293986637,
    "n": 449
  },
  "pilot": {
    "accuracy": 81.51447661469933,
    "consistency": 81.51447661469933,
    "pred_A": 366,
    "pred_B": 64,
    "pred_other": 19,
    "swap_A": 85,
    "swap_B": 344,
    "swap_other": 20,
    "gold_A": 449,
    "gold_B": 0,
    "always_first": 41,
    "always_second": 23,
    "position_bias": 4.008908685968819,
    "n": 449
  }
}