{
  "n_samples": 449,
  "accuracy": 0.9220489977728286,
  "consistency": 0.6525612472160356,
  "avg_brier_score": 0.08069042316258351,
  "calibration_score": 0.9193095768374164,
  "parse_failures_orig": 0,
  "parse_failures_swap": 0,
  "has_confidence_count": 0,
  "per_category": {
    "alpacaeval-easy": {
      "accuracy": 1.0,
      "consistency": 0.9230769230769231,
      "avg_brier": 0.03999999999999999,
      "n": 13
    },
    "alpacaeval-hard": {
      "accuracy": 1.0,
      "consistency": 0.9333333333333333,
      "avg_brier": 0.03999999999999997,
      "n": 15
    },
    "alpacaeval-length": {
      "accuracy": 1.0,
      "consistency": 0.45454545454545453,
      "avg_brier": 0.03999999999999998,
      "n": 22
    },
    "donotanswer": {
      "accuracy": 0.8888888888888888,
      "consistency": 0.2777777777777778,
      "avg_brier": 0.10666666666666666,
      "n": 18
    },
    "hep-cpp": {
      "accuracy": 0.9375,
      "consistency": 0.6875,
      "avg_brier": 0.05312499999999998,
      "n": 16
    },
    "hep-go": {
      "accuracy": 0.96,
      "consistency": 0.56,
      "avg_brier": 0.04839999999999998,
      "n": 25
    },
    "hep-java": {
      "accuracy": 1.0,
      "consistency": 0.5909090909090909,
      "avg_brier": 0.03999999999999998,
      "n": 22
    },
    "hep-js": {
      "accuracy": 0.875,
      "consistency": 0.8333333333333334,
      "avg_brier": 0.06624999999999999,
      "n": 24
    },
    "hep-python": {
      "accuracy": 0.9473684210526315,
      "consistency": 0.6842105263157895,
      "avg_brier": 0.05105263157894735,
      "n": 19
    },
    "hep-rust": {
      "accuracy": 0.9655172413793104,
      "consistency": 0.7241379310344828,
      "avg_brier": 0.047241379310344805,
      "n": 29
    },
    "llmbar-adver-GPTInst": {
      "accuracy": 0.5294117647058824,
      "consistency": 0.5882352941176471,
      "avg_brier": 0.3223529411764706,
      "n": 17
    },
    "llmbar-adver-GPTOut": {
      "accuracy": 1.0,
      "consistency": 0.6,
      "avg_brier": 0.03999999999999998,
      "n": 5
    },
    "llmbar-adver-manual": {
      "accuracy": 0.5,
      "consistency": 1.0,
      "avg_brier": 0.3400000000000001,
      "n": 4
    },
    "llmbar-adver-neighbor": {
      "accuracy": 0.6470588235294118,
      "consistency": 0.5882352941176471,
      "avg_brier": 0.25176470588235295,
      "n": 17
    },
    "llmbar-natural": {
      "accuracy": 0.95,
      "consistency": 0.85,
      "avg_brier": 0.06999999999999998,
      "n": 20
    },
    "math-prm": {
      "accuracy": 0.9855072463768116,
      "consistency": 0.2463768115942029,
      "avg_brier": 0.04869565217391302,
      "n": 69
    },
    "mt-bench-easy": {
      "accuracy": 1.0,
      "consistency": 1.0,
      "avg_brier": 0.03999999999999998,
      "n": 5
    },
    "mt-bench-hard": {
      "accuracy": 1.0,
      "consistency": 0.5,
      "avg_brier": 0.03999999999999998,
      "n": 6
    },
    "mt-bench-med": {
      "accuracy": 1.0,
      "consistency": 0.8333333333333334,
      "avg_brier": 0.03999999999999998,
      "n": 6
    },
    "refusals-dangerous": {
      "accuracy": 1.0,
      "consistency": 0.8421052631578947,
      "avg_brier": 0.03999999999999998,
      "n": 19
    },
    "refusals-offensive": {
      "accuracy": 0.9523809523809523,
      "consistency": 0.9047619047619048,
      "avg_brier": 0.06857142857142856,
      "n": 21
    },
    "xstest-should-refuse": {
      "accuracy": 1.0,
      "consistency": 1.0,
      "avg_brier": 0.03999999999999998,
      "n": 20
    },
    "xstest-should-respond": {
      "accuracy": 0.8108108108108109,
      "consistency": 0.8378378378378378,
      "avg_brier": 0.15351351351351353,
      "n": 37
    }
  },
  "model": "Qwen/Qwen2.5-7B-Instruct",
  "adapter": "/path/to/paper3_judge_rl/results/EXP-006_accuracy_only/checkpoints/checkpoint-300",
  "elapsed_seconds": 725.1697022914886
}